t	shot_max_conf	shot_n	goal_max_conf
0	0.0000	0	0.0000
1	0.0000	0	0.0000
2	0.0000	0	0.0000
3	0.0000	0	0.0000
4	0.0000	0	0.0000
5	0.0000	0	0.0000
6	0.0000	0	0.0000
7	0.0000	0	0.0000
8	0.0000	0	0.0000
9	0.0000	0	0.0000
10	0.4636	1	0.2681
11	0.0000	0	0.1103
12	0.0000	0	0.0000
13	0.0000	0	0.0000
14	0.0950	1	0.1956
15	0.0000	0	0.0000
16	0.0000	0	0.0000
17	0.0000	0	0.0000
18	0.0000	0	0.0000
19	0.0000	0	0.0000
20	0.0000	0	0.0000
21	0.0000	0	0.0000
22	0.1102	1	0.0582
23	0.0000	0	0.0000
24	0.0000	0	0.0000
25	0.0000	0	0.0000
26	0.0000	0	0.0000
27	0.0000	0	0.0514
28	0.0000	0	0.0000
29	0.0000	0	0.0000
30	0.0000	0	0.6048
31	0.0000	0	0.0991
32	0.0000	0	0.0000
33	0.0000	0	0.0000
34	0.0000	0	0.0000
35	0.0000	0	0.0000
36	0.0000	0	0.0000
37	0.0000	0	0.2518
38	0.0000	0	0.0000
39	0.0000	0	0.0000
40	0.0000	0	0.0000
41	0.0000	0	0.0000
42	0.0000	0	0.0000
43	0.0000	0	0.0000
44	0.0000	0	0.0000
45	0.0000	0	0.0000
46	0.0000	0	0.0000
47	0.0000	0	0.0000
48	0.0000	0	0.0000
49	0.0000	0	0.0000
50	0.0000	0	0.0000
51	0.0000	0	0.0000
52	0.0000	0	0.0000
53	0.0000	0	0.0000
54	0.0000	0	0.0000
55	0.0000	0	0.0000
56	0.0000	0	0.0000
57	0.0000	0	0.0959
58	0.0000	0	0.0000
59	0.0000	0	0.0000
60	0.0000	0	0.0000
61	0.0000	0	0.0000
62	0.0000	0	0.0000
63	0.0000	0	0.0000
64	0.0000	0	0.0000
65	0.0000	0	0.0000
66	0.0000	0	0.1688
67	0.0000	0	0.0000
68	0.0000	0	0.0000
69	0.0000	0	0.0000
70	0.0000	0	0.0000
71	0.3347	1	0.7435
72	0.5142	1	0.5147
73	0.0000	0	0.0000
74	0.0000	0	0.0000
75	0.0000	0	0.0000
76	0.0000	0	0.0000
77	0.0000	0	0.0000
78	0.0000	0	0.0000
79	0.0000	0	0.0000
80	0.0000	0	0.0000
81	0.0000	0	0.0000
82	0.0000	0	0.0884
83	0.0000	0	0.1245
84	0.0000	0	0.0000
85	0.0000	0	0.1147
86	0.0000	0	0.0000
87	0.0000	0	0.0000
88	0.1295	1	0.3245
89	0.0000	0	0.0000
90	0.0000	0	0.0000
91	0.0000	0	0.0000
92	0.1740	1	0.3821
93	0.0000	0	0.0000
94	0.0000	0	0.0000
95	0.0000	0	0.0000
96	0.0000	0	0.0000
97	0.0000	0	0.0000
98	0.0000	0	0.0000
99	0.0000	0	0.0741
100	0.0000	0	0.1376
101	0.0000	0	0.0000
102	0.0000	0	0.0000
103	0.0000	0	0.0000
104	0.0000	0	0.0000
105	0.0000	0	0.0000
106	0.0000	0	0.0000
107	0.0000	0	0.0000
108	0.0000	0	0.0000
109	0.0000	0	0.0000
110	0.0000	0	0.0000
111	0.0000	0	0.0000
112	0.0000	0	0.3672
113	0.0000	0	0.0000
114	0.1555	1	0.2423
115	0.0910	1	0.1047
116	0.0000	0	0.0000
117	0.0000	0	0.0000
118	0.0000	0	0.0000
119	0.0000	0	0.1643
120	0.0000	0	0.2040
121	0.0000	0	0.0000
122	0.0000	0	0.0000
123	0.0000	0	0.0000
124	0.0000	0	0.0000
125	0.0000	0	0.0000
126	0.0000	0	0.0000
127	0.0000	0	0.0000
128	0.0000	0	0.0000
129	0.0000	0	0.0000
130	0.0000	0	0.2140
131	0.0000	0	0.0000
132	0.0000	0	0.0000
133	0.0000	0	0.0000
134	0.0000	0	0.0000
135	0.0000	0	0.0765
136	0.0000	0	0.0000
137	0.0000	0	0.0000
138	0.0000	0	0.0000
139	0.0000	0	0.0000
140	0.0000	0	0.0000
141	0.0000	0	0.0000
142	0.0000	0	0.0000
143	0.0000	0	0.0000
144	0.0000	0	0.0545
145	0.0000	0	0.0757
146	0.0000	0	0.0654
147	0.0000	0	0.0671
148	0.0000	0	0.0000
149	0.0000	0	0.0000
150	0.0000	0	0.0568
151	0.0000	0	0.2036
152	0.0000	0	0.0706
153	0.0000	0	0.1076
154	0.0000	0	0.0000
155	0.0000	0	0.0000
156	0.0000	0	0.0000
157	0.1910	1	0.3481
158	0.0000	0	0.0000
159	0.0000	0	0.0000
160	0.0000	0	0.0000
161	0.0000	0	0.0000
162	0.0000	0	0.0000
163	0.0000	0	0.1565
164	0.0000	0	0.0000
165	0.0000	0	0.0000
166	0.0000	0	0.0000
167	0.0000	0	0.0547
168	0.0000	0	0.0000
169	0.0000	0	0.3131
170	0.0000	0	0.0000
171	0.0000	0	0.0000
172	0.0000	0	0.0000
173	0.0000	0	0.0000
174	0.0000	0	0.0000
175	0.0000	0	0.0000
176	0.0000	0	0.0000
177	0.0000	0	0.0000
178	0.0000	0	0.5001
179	0.0000	0	0.0000
180	0.0000	0	0.0000
181	0.0000	0	0.0000
182	0.0000	0	0.0000
183	0.0000	0	0.0000
184	0.0000	0	0.0000
185	0.0000	0	0.0000
186	0.0000	0	0.2431
187	0.0000	0	0.0000
188	0.0000	0	0.0752
189	0.0000	0	0.0000
190	0.0000	0	0.1565
191	0.0000	0	0.0000
192	0.0000	0	0.0000
193	0.0000	0	0.0985
194	0.0000	0	0.0000
195	0.0000	0	0.0674
196	0.0000	0	0.0000
197	0.0000	0	0.0000
198	0.2943	1	0.2960
199	0.0000	0	0.0000
200	0.0000	0	0.0000
201	0.0000	0	0.0000
202	0.0000	0	0.1304
203	0.0000	0	0.0653
204	0.0000	0	0.0826
205	0.0000	0	0.0724
206	0.0000	0	0.0000
207	0.0000	0	0.0870
208	0.0000	0	0.0000
209	0.0000	0	0.0000
210	0.0000	0	0.0000
211	0.0000	0	0.0530
212	0.0000	0	0.0698
213	0.0000	0	0.0728
214	0.0000	0	0.0000
215	0.1695	1	0.0000
216	0.0000	0	0.0000
217	0.0000	0	0.0000
218	0.0000	0	0.0000
219	0.0000	0	0.0000
220	0.0000	0	0.0000
221	0.0000	0	0.0000
222	0.0000	0	0.0502
223	0.0000	0	0.0000
224	0.0000	0	0.0000
225	0.0000	0	0.0000
226	0.0000	0	0.0000
227	0.0000	0	0.0000
228	0.0000	0	0.0000
229	0.0000	0	0.0546
230	0.0000	0	0.0000
231	0.0000	0	0.0000
232	0.6141	1	0.5104
233	0.0000	0	0.0000
234	0.0000	0	0.0000
235	0.0000	0	0.0952
236	0.0000	0	0.0000
237	0.0000	0	0.0000
238	0.0000	0	0.0000
239	0.0000	0	0.0000
240	0.0000	0	0.0000
241	0.0000	0	0.0000
242	0.0763	1	0.2539
243	0.0000	0	0.0000
244	0.0000	0	0.1583
245	0.0000	0	0.0000
246	0.0000	0	0.4200
247	0.0000	0	0.0000
248	0.0000	0	0.0000
249	0.0000	0	0.3152
250	0.0000	0	0.0000
251	0.0000	0	0.0000
252	0.0000	0	0.0000
253	0.3328	1	0.4600
254	0.5569	1	0.4844
255	0.5417	1	0.4579
256	0.0000	0	0.0000
257	0.0000	0	0.0000
258	0.0000	0	0.0000
259	0.0000	0	0.0000
260	0.0000	0	0.0000
261	0.0000	0	0.0000
262	0.0000	0	0.0000
263	0.0000	0	0.0000
264	0.0000	0	0.0000
265	0.0000	0	0.1314
266	0.0000	0	0.0883
267	0.0651	1	0.1395
268	0.0000	0	0.0703
269	0.0000	0	0.0000
270	0.0000	0	0.0000
271	0.0000	0	0.0000
272	0.0000	0	0.0000
273	0.0000	0	0.0000
274	0.0000	0	0.0000
275	0.0000	0	0.0000
276	0.0000	0	0.0000
277	0.0000	0	0.0000
278	0.1191	1	0.6942
279	0.0000	0	0.0000
280	0.0000	0	0.0000
281	0.0000	0	0.0000
282	0.0000	0	0.0000
283	0.2968	1	0.0000
284	0.1970	1	0.1996
285	0.1528	1	0.6343
286	0.0000	0	0.0000
287	0.0000	0	0.0000
288	0.0000	0	0.0000
289	0.0000	0	0.0000
290	0.0000	0	0.0000
291	0.0000	0	0.0000
292	0.0000	0	0.0000
293	0.0000	0	0.0000
294	0.0000	0	0.0000
295	0.0000	0	0.0000
296	0.0000	0	0.0000
297	0.0000	0	0.0000
298	0.0000	0	0.0803
299	0.0000	0	0.0000
300	0.0000	0	0.0000
301	0.0000	0	0.0000
302	0.0573	1	0.0800
303	0.0000	0	0.0000
304	0.0000	0	0.0000
305	0.0000	0	0.0000
306	0.1833	1	0.3728
307	0.0000	0	0.0000
308	0.0000	0	0.0000
309	0.0000	0	0.0000
310	0.0000	0	0.0000
311	0.0000	0	0.0000
312	0.0000	0	0.0000
313	0.0000	0	0.0000
314	0.0659	1	0.0000
315	0.0000	0	0.0000
316	0.0000	0	0.0000
317	0.1217	1	0.3582
318	0.0000	0	0.0000
319	0.0000	0	0.0000
320	0.2128	1	0.0835
321	0.0000	0	0.0000
322	0.0516	1	0.1764
323	0.6538	2	0.7228
324	0.0000	0	0.0000
325	0.0968	1	0.2052
326	0.0000	0	0.0000
327	0.0000	0	0.0000
328	0.0000	0	0.0000
329	0.0000	0	0.0000
330	0.0000	0	0.0000
331	0.0000	0	0.0000
332	0.0000	0	0.0000
333	0.0000	0	0.0711
334	0.0000	0	0.0975
335	0.0000	0	0.0000
336	0.0000	0	0.0000
337	0.0000	0	0.0000
338	0.0000	0	0.0000
339	0.0000	0	0.0000
340	0.0000	0	0.0592
341	0.3773	1	0.5044
342	0.0000	0	0.0000
343	0.0000	0	0.0000
344	0.0000	0	0.0000
345	0.0000	0	0.0000
346	0.0000	0	0.0000
347	0.0000	0	0.0000
348	0.0000	0	0.0000
349	0.0000	0	0.0000
350	0.0000	0	0.2496
351	0.0000	0	0.4808
352	0.0000	0	0.0000
353	0.0000	0	0.0000
354	0.0000	0	0.0000
355	0.0000	0	0.0000
356	0.0000	0	0.0000
357	0.0000	0	0.0000
358	0.0000	0	0.0000
359	0.4871	2	0.3302
360	0.0000	0	0.1564
361	0.0000	0	0.0000
362	0.0000	0	0.0000
363	0.1066	1	0.0000
364	0.0000	0	0.0000
365	0.1869	2	0.4276
366	0.1362	1	0.4547
367	0.2641	1	0.4722
368	0.0000	0	0.0877
369	0.0000	0	0.0000
370	0.0000	0	0.2741
371	0.0000	0	0.0000
372	0.3728	1	0.5966
373	0.5155	1	0.6275
374	0.0000	0	0.0000
375	0.0000	0	0.0599
376	0.0000	0	0.0000
377	0.0703	2	0.5388
378	0.0000	0	0.1940
379	0.1343	1	0.3540
380	0.2554	1	0.8366
381	0.1677	1	0.5434
382	0.0000	0	0.0642
383	0.0000	0	0.0000
384	0.0000	0	0.0881
385	0.0000	0	0.0000
386	0.0000	0	0.0000
387	0.0000	0	0.0000
388	0.0000	0	0.0000
389	0.0000	0	0.0000
390	0.0000	0	0.0000
391	0.0000	0	0.0825
392	0.0000	0	0.0000
393	0.0000	0	0.2727
394	0.0000	0	0.0000
395	0.1632	1	0.2086
396	0.2321	1	0.5492
397	0.0000	0	0.2143
398	0.0000	0	0.0000
399	0.0000	0	0.0000
400	0.0000	0	0.0000
401	0.0000	0	0.0000
402	0.0000	0	0.0000
403	0.0000	0	0.0000
404	0.0000	0	0.0000
405	0.0000	0	0.0646
406	0.0000	0	0.0000
407	0.0000	0	0.0000
408	0.0000	0	0.0000
409	0.0000	0	0.0000
410	0.0000	0	0.0000
411	0.0000	0	0.0000
412	0.0000	0	0.0000
413	0.0000	0	0.0000
414	0.0000	0	0.0000
415	0.0000	0	0.0000
416	0.0000	0	0.0000
417	0.0000	0	0.0000
418	0.0000	0	0.0000
419	0.0000	0	0.0000
420	0.0000	0	0.0000
421	0.0000	0	0.0000
422	0.0000	0	0.0000
423	0.0000	0	0.0000
424	0.0000	0	0.0000
425	0.0000	0	0.0000
426	0.0000	0	0.1233
427	0.0000	0	0.0000
428	0.0000	0	0.0000
429	0.0000	0	0.0000
430	0.0000	0	0.0000
431	0.0000	0	0.0000
432	0.0000	0	0.0723
433	0.0000	0	0.0000
434	0.0000	0	0.0000
435	0.0000	0	0.0993
436	0.0000	0	0.0000
437	0.0000	0	0.0000
438	0.0000	0	0.0000
439	0.0000	0	0.0000
440	0.0000	0	0.0000
441	0.0000	0	0.0000
442	0.0000	0	0.0000
443	0.0000	0	0.0000
444	0.0000	0	0.0000
445	0.0000	0	0.0000
446	0.0000	0	0.0000
447	0.0000	0	0.0000
448	0.0000	0	0.0000
449	0.0000	0	0.0000
450	0.0000	0	0.0000
451	0.0000	0	0.0000
452	0.0000	0	0.0000
453	0.0000	0	0.0000
454	0.0000	0	0.0000
455	0.0000	0	0.0000
456	0.0000	0	0.0000
457	0.3796	1	0.4925
458	0.0000	0	0.0000
459	0.0000	0	0.0000
460	0.0000	0	0.0000
461	0.0000	0	0.0000
462	0.0000	0	0.0000
463	0.0000	0	0.3184
464	0.0000	0	0.0000
465	0.0000	0	0.0000
466	0.0000	0	0.0000
467	0.0000	0	0.0000
468	0.0000	0	0.0000
469	0.0000	0	0.0000
470	0.0000	0	0.0000
471	0.0000	0	0.0000
472	0.0000	0	0.0000
473	0.0000	0	0.0000
474	0.0000	0	0.4864
475	0.0000	0	0.2974
476	0.0000	0	0.5698
477	0.0000	0	0.0000
478	0.0702	1	0.2982
479	0.0000	0	0.0000
480	0.0000	0	0.0000
481	0.0000	0	0.4522
482	0.0000	0	0.0000
483	0.0000	0	0.0000
484	0.0000	0	0.1649
485	0.0000	0	0.0926
486	0.0000	0	0.0000
487	0.0000	0	0.0000
488	0.0000	0	0.0679
489	0.0000	0	0.0000
490	0.0000	0	0.0000
491	0.0518	1	0.0000
492	0.0000	0	0.0000
493	0.0000	0	0.0674
494	0.0000	0	0.0000
495	0.0000	0	0.0000
496	0.0000	0	0.0000
497	0.0000	0	0.0000
498	0.0000	0	0.0000
499	0.0000	0	0.0000
500	0.0000	0	0.0000
501	0.0000	0	0.0000
502	0.0000	0	0.0000
503	0.0000	0	0.1066
504	0.0000	0	0.1235
505	0.0000	0	0.0000
506	0.0000	0	0.0000
507	0.0000	0	0.0000
508	0.0000	0	0.0000
509	0.0000	0	0.0000
510	0.0000	0	0.0000
511	0.0000	0	0.0000
512	0.0000	0	0.0760
513	0.0744	1	0.2766
514	0.0000	0	0.0000
515	0.0000	0	0.0000
516	0.0000	0	0.0000
517	0.0000	0	0.0000
518	0.0000	0	0.3326
519	0.0000	0	0.0000
520	0.0000	0	0.3029
521	0.0803	1	0.3671
522	0.0000	0	0.0000
523	0.2077	2	0.4741
524	0.0000	0	0.0000
525	0.0000	0	0.0000
526	0.0000	0	0.0000
527	0.0000	0	0.0000
528	0.0000	0	0.0523
529	0.0000	0	0.0000
530	0.0000	0	0.0000
531	0.0000	0	0.0828
532	0.0000	0	0.0000
533	0.0000	0	0.0000
534	0.0000	0	0.0000
535	0.0000	0	0.0000
536	0.0000	0	0.0000
537	0.0000	0	0.0000
538	0.0000	0	0.0000
539	0.0620	1	0.2650
540	0.0000	0	0.0000
541	0.0924	1	0.4220
542	0.0000	0	0.0000
543	0.0000	0	0.0000
544	0.0000	0	0.0000
545	0.0000	0	0.0000
546	0.0000	0	0.0000
547	0.0000	0	0.0737
548	0.0000	0	0.0638
549	0.0000	0	0.0000
550	0.0000	0	0.0000
551	0.0000	0	0.0000
552	0.0000	0	0.0000
553	0.0000	0	0.0000
554	0.0000	0	0.0000
555	0.0000	0	0.1602
556	0.0000	0	0.0000
557	0.0000	0	0.0000
558	0.0000	0	0.0000
559	0.0000	0	0.0866
560	0.0000	0	0.0000
561	0.1816	1	0.5147
562	0.0000	0	0.0636
563	0.0000	0	0.1031
564	0.0000	0	0.1459
565	0.0000	0	0.0947
566	0.0000	0	0.0000
567	0.0000	0	0.0000
568	0.0000	0	0.0000
569	0.0000	0	0.0000
570	0.0000	0	0.0000
571	0.0000	0	0.0000
572	0.0000	0	0.0000
573	0.0000	0	0.1955
574	0.3393	2	0.6676
575	0.0000	0	0.1080
576	0.1183	1	0.5026
577	0.0000	0	0.0000
578	0.0000	0	0.0000
579	0.0000	0	0.0000
580	0.0000	0	0.0000
581	0.0663	1	0.3086
582	0.0000	0	0.0000
583	0.0000	0	0.0000
584	0.0000	0	0.0000
585	0.0000	0	0.0000
586	0.0000	0	0.0000
587	0.0000	0	0.0000
588	0.0000	0	0.0000
589	0.2337	1	0.7603
590	0.1132	1	0.5609
591	0.1504	1	0.6703
592	0.0000	0	0.7665
593	0.0000	0	0.0000
594	0.0000	0	0.0000
595	0.0000	0	0.0000
596	0.0000	0	0.0000
597	0.0000	0	0.0730
598	0.0000	0	0.3168
599	0.0000	0	0.1749
600	0.0000	0	0.0000
601	0.0000	0	0.0993
602	0.0000	0	0.0000
603	0.0000	0	0.2447
604	0.2697	1	0.4874
605	0.0000	0	0.0000
606	0.0000	0	0.0000
607	0.0000	0	0.5253
608	0.1185	1	0.1035
609	0.0000	0	0.0000
610	0.0000	0	0.0000
611	0.0000	0	0.0000
612	0.0000	0	0.0000
613	0.0000	0	0.0000
614	0.0000	0	0.0000
615	0.0000	0	0.0000
616	0.0000	0	0.0000
617	0.0000	0	0.0000
618	0.0000	0	0.0000
619	0.0000	0	0.0000
620	0.0000	0	0.0000
621	0.0000	0	0.0000
622	0.0000	0	0.0000
623	0.0000	0	0.0000
624	0.0000	0	0.0000
625	0.0000	0	0.0000
626	0.0000	0	0.0000
627	0.0000	0	0.1180
628	0.0575	1	0.4409
629	0.0000	0	0.0000
630	0.0000	0	0.0000
631	0.0000	0	0.0000
632	0.0000	0	0.3782
633	0.0821	1	0.4933
634	0.0664	1	0.4646
635	0.0000	0	0.0000
636	0.0000	0	0.7666
637	0.0000	0	0.7938
638	0.0000	0	0.0000
639	0.0000	0	0.0000
640	0.0000	0	0.0000
641	0.0000	0	0.0000
642	0.0000	0	0.0000
643	0.0000	0	0.0000
644	0.0000	0	0.0000
645	0.0000	0	0.0000
646	0.0000	0	0.0000
647	0.0000	0	0.0000
648	0.0000	0	0.0000
649	0.0000	0	0.0000
650	0.0000	0	0.2624
651	0.0000	0	0.0000
652	0.0000	0	0.0000
653	0.0000	0	0.1398
654	0.0000	0	0.2487
655	0.0000	0	0.0000
656	0.0000	0	0.1563
657	0.0000	0	0.0000
658	0.0000	0	0.0000
659	0.0000	0	0.0000
660	0.0000	0	0.0000
661	0.4573	1	0.7397
662	0.1709	1	0.4448
663	0.0000	0	0.0000
664	0.0000	0	0.0000
665	0.0000	0	0.0000
666	0.0000	0	0.0000
667	0.0000	0	0.0000
668	0.0000	0	0.0000
669	0.0000	0	0.0000
670	0.0000	0	0.0000
671	0.0000	0	0.0000
672	0.0000	0	0.0000
673	0.0000	0	0.0000
674	0.0000	0	0.4155
675	0.0000	0	0.6590
676	0.0000	0	0.0000
677	0.0000	0	0.0000
678	0.0000	0	0.2927
679	0.0000	0	0.1793
680	0.0000	0	0.0000
681	0.0000	0	0.0000
682	0.0000	0	0.0805
683	0.0000	0	0.0000
684	0.5054	1	0.7062
685	0.0000	0	0.0000
686	0.0000	0	0.0000
687	0.0000	0	0.1004
688	0.0000	0	0.0000
689	0.0000	0	0.1004
690	0.0000	0	0.0000
691	0.0000	0	0.0000
692	0.0000	0	0.1568
693	0.0000	0	0.0517
694	0.0000	0	0.0943
695	0.0000	0	0.0000
696	0.0000	0	0.0530
697	0.0000	0	0.0000
698	0.0000	0	0.0000
699	0.0000	0	0.0000
700	0.0000	0	0.0000
701	0.0000	0	0.0571
702	0.0000	0	0.2468
703	0.0000	0	0.0000
704	0.0000	0	0.0854
705	0.0000	0	0.1653
706	0.0000	0	0.0000
707	0.0000	0	0.0000
708	0.0000	0	0.0000
709	0.0000	0	0.0000
710	0.0000	0	0.0000
711	0.0000	0	0.0000
712	0.0000	0	0.0000
713	0.0000	0	0.0000
714	0.0000	0	0.1403
715	0.0000	0	0.0000
716	0.0000	0	0.0548
717	0.0000	0	0.0000
718	0.0000	0	0.0000
719	0.0000	0	0.0000
720	0.0000	0	0.0000
721	0.0000	0	0.0000
722	0.0000	0	0.0000
723	0.0000	0	0.0000
724	0.0000	0	0.0000
725	0.0000	0	0.0000
726	0.0000	0	0.0000
727	0.0000	0	0.2082
728	0.0000	0	0.0000
729	0.0000	0	0.0000
730	0.0000	0	0.0000
731	0.0000	0	0.0000
732	0.0000	0	0.0000
733	0.0000	0	0.0000
734	0.0000	0	0.0000
735	0.0000	0	0.0000
736	0.0000	0	0.0000
737	0.0000	0	0.0000
738	0.0000	0	0.0000
739	0.0000	0	0.0000
740	0.0000	0	0.0000
741	0.0000	0	0.0000
742	0.0000	0	0.0000
743	0.0000	0	0.0000
744	0.0000	0	0.0000
745	0.0000	0	0.0000
746	0.0000	0	0.0000
747	0.0000	0	0.0000
748	0.0000	0	0.0000
749	0.0000	0	0.0000
750	0.2853	1	0.5528
751	0.0000	0	0.0000
752	0.0000	0	0.0000
753	0.0000	0	0.0000
754	0.0000	0	0.0000
755	0.0000	0	0.0000
756	0.0000	0	0.0000
757	0.0000	0	0.0000
758	0.0519	1	0.0000
759	0.0000	0	0.0968
760	0.0000	0	0.0956
761	0.0000	0	0.0781
762	0.0000	0	0.0000
763	0.0000	0	0.0000
764	0.0000	0	0.2540
765	0.0000	0	0.0000
766	0.4419	1	0.6583
767	0.4186	2	0.7319
768	0.1110	1	0.6193
769	0.1356	1	0.4996
770	0.2227	1	0.5746
771	0.2584	1	0.6608
772	0.0000	0	0.3713
773	0.0000	0	0.7462
774	0.0566	1	0.5569
775	0.0000	0	0.6390
776	0.2076	1	0.7075
777	0.2761	1	0.8006
778	0.4017	1	0.7301
779	0.0000	0	0.0000
780	0.0000	0	0.0000
781	0.0000	0	0.0000
782	0.0000	0	0.0000
783	0.0000	0	0.0000
784	0.1143	1	0.3809
785	0.0709	1	0.4049
786	0.0000	0	0.1516
787	0.0000	0	0.0584
788	0.0000	0	0.0000
789	0.0000	0	0.1653
790	0.0000	0	0.0764
791	0.0666	1	0.0695
792	0.5435	1	0.6242
793	0.0000	0	0.0000
794	0.0000	0	0.0000
795	0.0000	0	0.0000
796	0.0000	0	0.0000
797	0.0000	0	0.0000
798	0.0000	0	0.0000
799	0.0000	0	0.4248
800	0.1002	1	0.4728
801	0.0828	1	0.3581
802	0.0000	0	0.2204
803	0.1007	1	0.0000
804	0.0000	0	0.0000
805	0.0000	0	0.0000
806	0.0000	0	0.0000
807	0.0000	0	0.0000
808	0.0000	0	0.0000
809	0.0000	0	0.0000
810	0.0000	0	0.0000
811	0.0000	0	0.0000
812	0.0000	0	0.0000
813	0.0000	0	0.0000
814	0.0000	0	0.0000
815	0.0000	0	0.0000
816	0.0000	0	0.0000
817	0.0000	0	0.0000
818	0.0000	0	0.0634
819	0.0871	1	0.5744
820	0.0000	0	0.0861
821	0.0000	0	0.0000
822	0.0000	0	0.0000
823	0.0000	0	0.1231
824	0.1914	1	0.1406
825	0.1771	1	0.4058
826	0.0572	1	0.1619
827	0.2121	1	0.0677
828	0.6064	1	0.4507
829	0.2193	1	0.5349
830	0.4538	1	0.7728
831	0.1831	1	0.7392
832	0.0978	1	0.7383
833	0.0797	1	0.7051
834	0.0000	0	0.0000
835	0.0000	0	0.0000
836	0.0000	0	0.0747
837	0.0614	1	0.4408
838	0.2451	2	0.5408
839	0.0000	0	0.0744
840	0.3052	1	0.6811
841	0.2919	2	0.6152
842	0.4911	1	0.6719
843	0.0000	0	0.0000
844	0.1681	1	0.2752
845	0.3234	2	0.2669
846	0.6446	1	0.7693
847	0.0000	0	0.0000
848	0.0000	0	0.0613
849	0.0000	0	0.0566
850	0.0000	0	0.1197
851	0.5338	1	0.6888
852	0.0821	1	0.1894
853	0.5706	1	0.6557
854	0.4030	1	0.4494
855	0.0000	0	0.0000
856	0.4368	1	0.7598
857	0.0000	0	0.0000
858	0.0000	0	0.0000
859	0.0000	0	0.0000
860	0.0000	0	0.0000
861	0.0000	0	0.1351
862	0.0000	0	0.0000
863	0.0847	1	0.2228
864	0.0000	0	0.1365
865	0.0000	0	0.0690
866	0.2909	1	0.4719
867	0.0000	0	0.0000
868	0.0000	0	0.0000
869	0.0000	0	0.0000
870	0.2586	2	0.5932
871	0.0000	0	0.1092
872	0.0000	0	0.0000
873	0.5138	1	0.3246
874	0.0000	0	0.0000
875	0.0000	0	0.0000
876	0.0000	0	0.0000
877	0.0000	0	0.0000
878	0.0000	0	0.0000
879	0.0000	0	0.0000
880	0.0000	0	0.0990
881	0.0000	0	0.0000
882	0.0000	0	0.0000
883	0.0000	0	0.1626
884	0.4428	2	0.2204
885	0.1025	3	0.3406
886	0.0000	0	0.0000
887	0.0000	0	0.0673
888	0.0000	0	0.0000
889	0.0000	0	0.0000
890	0.0000	0	0.0000
891	0.0000	0	0.0926
892	0.0000	0	0.0000
893	0.0000	0	0.0000
894	0.0000	0	0.0000
895	0.0000	0	0.0685
896	0.0000	0	0.0000
897	0.0000	0	0.0000
898	0.0000	0	0.0000
899	0.0000	0	0.0000
900	0.0000	0	0.0000
901	0.0000	0	0.0000
902	0.0000	0	0.0000
903	0.1294	1	0.8055
904	0.0980	1	0.3740
905	0.0000	0	0.0000
906	0.0000	0	0.0000
907	0.0000	0	0.0000
908	0.2374	1	0.7062
909	0.0000	0	0.0000
910	0.0000	0	0.0000
911	0.0000	0	0.0000
912	0.0000	0	0.0518
913	0.0000	0	0.0000
914	0.0000	0	0.0000
915	0.0000	0	0.0556
916	0.0000	0	0.0000
917	0.0000	0	0.0550
918	0.0000	0	0.0000
919	0.0000	0	0.0000
920	0.0000	0	0.0000
921	0.0000	0	0.0000
922	0.0000	0	0.0000
923	0.0000	0	0.0000
924	0.0000	0	0.0000
925	0.0000	0	0.0000
926	0.0000	0	0.0000
927	0.0000	0	0.0000
928	0.0000	0	0.0000
929	0.0000	0	0.0748
930	0.0000	0	0.0000
931	0.0000	0	0.0582
932	0.0000	0	0.0913
933	0.0000	0	0.1112
934	0.0000	0	0.0894
935	0.0000	0	0.0000
936	0.0000	0	0.0000
937	0.0000	0	0.0000
938	0.0000	0	0.0000
939	0.0000	0	0.0000
940	0.0000	0	0.0000
941	0.0000	0	0.0000
942	0.0000	0	0.0000
943	0.0000	0	0.0000
944	0.0000	0	0.0000
945	0.0000	0	0.0000
946	0.0000	0	0.0000
947	0.0000	0	0.0000
948	0.0000	0	0.0000
949	0.0000	0	0.0000
950	0.0000	0	0.0000
951	0.0000	0	0.0000
952	0.0000	0	0.0000
953	0.0000	0	0.0000
954	0.0000	0	0.0000
955	0.0000	0	0.0000
956	0.0000	0	0.0000
957	0.0000	0	0.0000
958	0.0000	0	0.0000
959	0.0778	1	0.4999
960	0.0000	0	0.0000
961	0.1811	2	0.3095
962	0.0000	0	0.3490
963	0.0673	1	0.3747
964	0.0000	0	0.0000
965	0.0000	0	0.0000
966	0.0000	0	0.0000
967	0.0000	0	0.0000
968	0.0000	0	0.0750
969	0.0000	0	0.0700
970	0.0000	0	0.0000
971	0.0000	0	0.0000
972	0.0000	0	0.1841
973	0.0000	0	0.0000
974	0.0000	0	0.0939
975	0.0000	0	0.1112
976	0.0000	0	0.2025
977	0.3309	1	0.5995
978	0.0000	0	0.0000
979	0.0000	0	0.0671
980	0.0000	0	0.0000
981	0.0000	0	0.0000
982	0.4704	1	0.5904
983	0.0000	0	0.0000
984	0.0000	0	0.0000
985	0.0000	0	0.0000
986	0.0000	0	0.0000
987	0.0000	0	0.0000
988	0.0000	0	0.0000
989	0.0000	0	0.0000
990	0.0000	0	0.0000
991	0.0000	0	0.0000
992	0.0000	0	0.0000
993	0.0000	0	0.0000
994	0.0000	0	0.0000
995	0.0000	0	0.0000
996	0.0000	0	0.0000
997	0.0000	0	0.0000
998	0.0000	0	0.0000
999	0.0000	0	0.0000
1000	0.0000	0	0.0000
1001	0.1882	1	0.7642
1002	0.0877	1	0.7236
1003	0.0668	1	0.7694
1004	0.2440	1	0.7709
1005	0.1296	1	0.8063
1006	0.2409	1	0.7785
1007	0.2204	1	0.7922
1008	0.0000	0	0.0000
1009	0.4024	1	0.7602
1010	0.2113	1	0.5250
1011	0.2498	1	0.5955
1012	0.3132	1	0.6441
1013	0.4852	1	0.6971
1014	0.0000	0	0.0000
1015	0.4752	1	0.4424
1016	0.4186	1	0.7511
1017	0.2268	1	0.7273
1018	0.0580	1	0.5147
1019	0.0000	0	0.1697
1020	0.1008	1	0.2650
1021	0.2419	1	0.3739
1022	0.2121	1	0.7601
1023	0.0000	0	0.0000
1024	0.0000	0	0.0000
1025	0.0878	2	0.0780
1026	0.0000	0	0.1737
1027	0.0000	0	0.0000
1028	0.0000	0	0.0000
1029	0.0000	0	0.0000
1030	0.0000	0	0.0000
1031	0.0000	0	0.0000
1032	0.0000	0	0.0000
1033	0.0000	0	0.0000
1034	0.0000	0	0.0000
1035	0.0000	0	0.0000
1036	0.4605	1	0.4730
1037	0.0000	0	0.0000
1038	0.0000	0	0.0000
1039	0.0000	0	0.0000
1040	0.0000	0	0.0000
1041	0.0000	0	0.0000
1042	0.0000	0	0.0000
1043	0.0000	0	0.0000
1044	0.0000	0	0.1311
1045	0.0000	0	0.0000
1046	0.0000	0	0.0000
1047	0.0000	0	0.2293
1048	0.0000	0	0.1180
1049	0.0000	0	0.0000
1050	0.0000	0	0.0000
1051	0.0000	0	0.0000
1052	0.0000	0	0.0000
1053	0.0000	0	0.0000
1054	0.0000	0	0.0000
1055	0.0000	0	0.0000
1056	0.0000	0	0.0000
1057	0.0000	0	0.0000
1058	0.0000	0	0.0508
1059	0.0000	0	0.0000
1060	0.0000	0	0.0000
1061	0.0000	0	0.0000
1062	0.0000	0	0.0000
1063	0.0000	0	0.0000
1064	0.0000	0	0.0000
1065	0.0000	0	0.0000
1066	0.0000	0	0.1895
1067	0.0000	0	0.0934
1068	0.0000	0	0.0000
1069	0.0000	0	0.0000
1070	0.0514	1	0.5190
1071	0.0000	0	0.0000
1072	0.0000	0	0.0000
1073	0.0000	0	0.0000
1074	0.0000	0	0.0000
1075	0.0000	0	0.0530
1076	0.0000	0	0.0000
1077	0.0000	0	0.0000
1078	0.0000	0	0.0000
1079	0.0000	0	0.0000
1080	0.0000	0	0.0000
1081	0.0000	0	0.0000
1082	0.0000	0	0.0000
1083	0.0000	0	0.0000
1084	0.0000	0	0.0000
1085	0.0000	0	0.0000
1086	0.0000	0	0.0000
1087	0.0000	0	0.1994
1088	0.1897	1	0.4457
1089	0.0000	0	0.0000
1090	0.0000	0	0.0000
1091	0.0000	0	0.0000
1092	0.0000	0	0.0000
1093	0.0000	0	0.1005
1094	0.0643	1	0.1319
1095	0.0000	0	0.0000
1096	0.0000	0	0.0000
1097	0.0000	0	0.0000
1098	0.0000	0	0.0000
1099	0.1803	1	0.4974
1100	0.0000	0	0.0000
1101	0.0000	0	0.0779
1102	0.0000	0	0.0000
1103	0.0000	0	0.2883
1104	0.0000	0	0.0000
1105	0.1021	1	0.7266
1106	0.0000	0	0.0000
1107	0.0000	0	0.0000
1108	0.0000	0	0.0000
1109	0.0000	0	0.0000
1110	0.0000	0	0.0000
1111	0.0000	0	0.0000
1112	0.0000	0	0.0000
1113	0.0000	0	0.0710
1114	0.0000	0	0.0000
1115	0.0000	0	0.2453
1116	0.2901	1	0.3012
1117	0.0000	0	0.0000
1118	0.0000	0	0.0000
1119	0.0000	0	0.0000
1120	0.0000	0	0.0000
1121	0.0000	0	0.0000
1122	0.0000	0	0.1227
1123	0.0000	0	0.4589
1124	0.0000	0	0.1164
1125	0.0604	1	0.2529
1126	0.0000	0	0.0000
1127	0.0000	0	0.0516
1128	0.0000	0	0.0000
1129	0.0000	0	0.0975
1130	0.0000	0	0.0000
1131	0.0000	0	0.0000
1132	0.0000	0	0.0000
1133	0.0000	0	0.0635
1134	0.0000	0	0.1826
1135	0.0000	0	0.0000
1136	0.0000	0	0.0000
1137	0.2462	1	0.4700
1138	0.0000	0	0.0000
1139	0.1752	1	0.4432
1140	0.0000	0	0.0000
1141	0.0000	0	0.0000
1142	0.0000	0	0.0000
1143	0.0000	0	0.0000
1144	0.0000	0	0.0000
1145	0.0000	0	0.0000
1146	0.0000	0	0.0000
1147	0.0000	0	0.0000
1148	0.0803	1	0.5125
1149	0.0000	0	0.0000
1150	0.0000	0	0.0000
1151	0.0590	1	0.0579
1152	0.0000	0	0.0000
1153	0.0000	0	0.0000
1154	0.0000	0	0.0000
1155	0.0000	0	0.0000
1156	0.0000	0	0.0771
1157	0.0000	0	0.0000
1158	0.0000	0	0.0000
1159	0.0000	0	0.0000
1160	0.0000	0	0.0000
1161	0.0000	0	0.0000
1162	0.0000	0	0.0000
1163	0.0000	0	0.0000
1164	0.0000	0	0.1266
1165	0.2673	1	0.5297
1166	0.0000	0	0.0000
1167	0.0000	0	0.0000
1168	0.0000	0	0.0000
1169	0.0000	0	0.3122
1170	0.0525	1	0.3208
1171	0.3488	1	0.5538
1172	0.0000	0	0.0000
1173	0.0000	0	0.0000
1174	0.0000	0	0.0000
1175	0.0000	0	0.0000
1176	0.3140	1	0.1425
1177	0.0000	0	0.0508
1178	0.2818	1	0.3197
1179	0.0000	0	0.0000
1180	0.0000	0	0.2152
1181	0.0000	0	0.0000
1182	0.0000	0	0.1284
1183	0.4228	1	0.1420
1184	0.3512	1	0.6437
1185	0.1034	1	0.2227
1186	0.0000	0	0.0000
1187	0.0000	0	0.0000
1188	0.0000	0	0.0000
1189	0.0000	0	0.0556
1190	0.0000	0	0.0000
1191	0.0000	0	0.0000
1192	0.0000	0	0.1375
1193	0.0000	0	0.0800
1194	0.0000	0	0.0927
1195	0.0000	0	0.1608
1196	0.0000	0	0.0000
1197	0.2420	1	0.5651
1198	0.2871	1	0.1763
1199	0.0747	1	0.1508
1200	0.0000	0	0.0000
1201	0.0000	0	0.0000
1202	0.0000	0	0.0000
1203	0.0000	0	0.0000
1204	0.2281	1	0.5065
1205	0.0000	0	0.3098
1206	0.0000	0	0.0000
1207	0.0000	0	0.0000
1208	0.0000	0	0.0000
1209	0.0000	0	0.0000
1210	0.0000	0	0.0000
1211	0.0000	0	0.3778
1212	0.0000	0	0.2077
1213	0.0000	0	0.6954
1214	0.0000	0	0.5003
1215	0.0000	0	0.0000
1216	0.0000	0	0.0000
1217	0.0000	0	0.0000
1218	0.0000	0	0.0000
1219	0.0000	0	0.0000
1220	0.0000	0	0.0000
1221	0.0000	0	0.0000
1222	0.0000	0	0.0000
1223	0.0000	0	0.0000
1224	0.0000	0	0.0000
1225	0.0000	0	0.0000
1226	0.0000	0	0.0000
1227	0.0000	0	0.0000
1228	0.0000	0	0.0000
1229	0.0000	0	0.0000
1230	0.2488	1	0.5005
1231	0.3376	1	0.7169
1232	0.0000	0	0.0000
1233	0.0000	0	0.0000
1234	0.0000	0	0.0000
1235	0.0000	0	0.0000
1236	0.0000	0	0.0000
1237	0.0000	0	0.0000
1238	0.0000	0	0.0000
1239	0.0000	0	0.0000
1240	0.0000	0	0.0000
1241	0.3623	1	0.2370
1242	0.0000	0	0.0000
1243	0.0000	0	0.1995
1244	0.0000	0	0.0000
1245	0.5940	1	0.5131
1246	0.3160	1	0.1535
1247	0.0000	0	0.0000
1248	0.0000	0	0.0000
1249	0.0000	0	0.0000
1250	0.0000	0	0.0000
1251	0.0000	0	0.4147
1252	0.0000	0	0.0898
1253	0.0000	0	0.1363
1254	0.0000	0	0.0000
1255	0.0000	0	0.1913
1256	0.3694	1	0.6166
1257	0.0000	0	0.0000
1258	0.0992	1	0.5395
1259	0.0000	0	0.1088
1260	0.0000	0	0.1386
1261	0.3555	1	0.6725
1262	0.0000	0	0.0000
1263	0.0000	0	0.0000
1264	0.0000	0	0.2804
1265	0.0000	0	0.0000
1266	0.0000	0	0.0000
1267	0.0000	0	0.0000
1268	0.0000	0	0.0000
1269	0.0000	0	0.0000
1270	0.0000	0	0.0000
1271	0.0000	0	0.2434
1272	0.0700	1	0.3557
1273	0.0000	0	0.0000
1274	0.0000	0	0.0000
1275	0.0000	0	0.0000
1276	0.2870	1	0.6899
1277	0.0000	0	0.0000
1278	0.0000	0	0.0000
1279	0.0000	0	0.0000
1280	0.0000	0	0.0000
1281	0.0000	0	0.0000
1282	0.0000	0	0.0000
1283	0.0000	0	0.0000
1284	0.0000	0	0.0000
1285	0.0000	0	0.0000
1286	0.0000	0	0.0000
1287	0.0000	0	0.0000
1288	0.0000	0	0.0000
1289	0.0576	1	0.4626
1290	0.3137	1	0.8454
1291	0.2794	1	0.7296
1292	0.0000	0	0.0000
1293	0.0000	0	0.1352
1294	0.0000	0	0.0966
1295	0.1133	1	0.2451
1296	0.0000	0	0.0000
1297	0.0000	0	0.0520
1298	0.2252	1	0.5488
1299	0.0000	0	0.1678
1300	0.0000	0	0.0000
1301	0.0000	0	0.1101
1302	0.1569	2	0.5585
1303	0.0586	1	0.5833
1304	0.0000	0	0.0000
1305	0.0000	0	0.0000
1306	0.0000	0	0.2016
1307	0.0000	0	0.0000
1308	0.2459	1	0.3387
1309	0.0000	0	0.0000
1310	0.0000	0	0.0000
1311	0.0000	0	0.0000
1312	0.0000	0	0.0000
1313	0.0000	0	0.0674
1314	0.0000	0	0.0000
1315	0.0000	0	0.0000
1316	0.1097	1	0.3224
1317	0.0000	0	0.0000
1318	0.0000	0	0.2050
1319	0.1618	1	0.6959
1320	0.0000	0	0.0000
1321	0.0000	0	0.0000
1322	0.0000	0	0.0000
1323	0.3949	1	0.7314
1324	0.0000	0	0.0000
1325	0.0913	1	0.1247
1326	0.0000	0	0.0000
1327	0.0000	0	0.0000
1328	0.0000	0	0.0000
1329	0.0000	0	0.0000
1330	0.0000	0	0.0000
1331	0.0000	0	0.0000
1332	0.0000	0	0.0000
1333	0.0000	0	0.0000
1334	0.0000	0	0.2113
1335	0.0000	0	0.1170
1336	0.0000	0	0.2007
1337	0.0000	0	0.1015
1338	0.0000	0	0.1617
1339	0.2513	1	0.6946
1340	0.0000	0	0.0000
1341	0.1746	1	0.5249
1342	0.4587	1	0.4872
1343	0.0000	0	0.0000
1344	0.4001	1	0.7705
1345	0.1133	2	0.0000
1346	0.1338	1	0.2564
1347	0.3238	1	0.3551
1348	0.0000	0	0.0000
1349	0.0000	0	0.0000
1350	0.1197	1	0.4229
1351	0.3538	1	0.5798
1352	0.0000	0	0.0000
1353	0.0000	0	0.0000
1354	0.0650	1	0.0626
1355	0.0000	0	0.0000
1356	0.0000	0	0.0000
1357	0.3151	1	0.6915
1358	0.3619	1	0.4705
1359	0.0000	0	0.0000
1360	0.0000	0	0.0000
1361	0.0000	0	0.0000
1362	0.0000	0	0.0000
1363	0.0000	0	0.0000
1364	0.0000	0	0.0000
1365	0.0000	0	0.0000
1366	0.0000	0	0.0000
1367	0.0000	0	0.0000
1368	0.2439	1	0.8569
1369	0.3854	1	0.5950
1370	0.0000	0	0.0000
1371	0.0000	0	0.0000
1372	0.0000	0	0.0000
1373	0.0000	0	0.2315
1374	0.0000	0	0.0000
1375	0.0000	0	0.4825
1376	0.1014	1	0.4032
1377	0.2608	1	0.4013
1378	0.0000	0	0.0000
1379	0.0000	0	0.0000
1380	0.0000	0	0.0000
1381	0.0000	0	0.0000
1382	0.0000	0	0.5534
1383	0.0000	0	0.0769
1384	0.0000	0	0.0000
1385	0.0000	0	0.0704
1386	0.0000	0	0.1627
1387	0.0000	0	0.1098
1388	0.0000	0	0.0992
1389	0.0000	0	0.1148
1390	0.0000	0	0.1433
1391	0.1710	1	0.3804
1392	0.2831	1	0.3280
1393	0.0000	0	0.0000
1394	0.0000	0	0.0000
1395	0.0000	0	0.0000
1396	0.0000	0	0.0000
1397	0.0000	0	0.0000
1398	0.0000	0	0.1030
1399	0.0000	0	0.0000
1400	0.0000	0	0.0000
1401	0.0000	0	0.0000
1402	0.0000	0	0.0000
1403	0.0000	0	0.0000
1404	0.0000	0	0.0000
1405	0.0000	0	0.0000
1406	0.0000	0	0.0000
1407	0.0000	0	0.0000
1408	0.0000	0	0.0000
1409	0.0000	0	0.0000
1410	0.0000	0	0.0000
1411	0.0000	0	0.0000
1412	0.0000	0	0.0000
1413	0.0000	0	0.0000
1414	0.0000	0	0.0000
1415	0.0000	0	0.0000
1416	0.0000	0	0.0000
1417	0.0000	0	0.0000
1418	0.0000	0	0.1525
1419	0.0722	1	0.2802
1420	0.1074	1	0.1606
1421	0.0000	0	0.0000
1422	0.0000	0	0.0000
1423	0.0000	0	0.0000
1424	0.0000	0	0.0000
1425	0.0000	0	0.0918
1426	0.0000	0	0.4051
1427	0.0000	0	0.0000
1428	0.0591	1	0.0863
1429	0.2292	1	0.2511
1430	0.0000	0	0.0000
1431	0.0000	0	0.0000
1432	0.0000	0	0.0000
1433	0.0000	0	0.0532
1434	0.0000	0	0.0816
1435	0.0000	0	0.0805
1436	0.0000	0	0.1431
1437	0.0000	0	0.0617
1438	0.0000	0	0.1293
1439	0.0000	0	0.5652
1440	0.0000	0	0.3763
1441	0.0000	0	0.5463
1442	0.0000	0	0.1921
1443	0.0000	0	0.1190
1444	0.0000	0	0.0956
1445	0.0000	0	0.0000
1446	0.0000	0	0.0000
1447	0.1014	1	0.2035
1448	0.0000	0	0.3213
1449	0.0000	0	0.0910
1450	0.0000	0	0.1477
1451	0.0000	0	0.0662
1452	0.0000	0	0.1105
1453	0.0000	0	0.3969
1454	0.0000	0	0.2068
1455	0.4127	1	0.3551
1456	0.0000	0	0.0857
1457	0.0000	0	0.0000
1458	0.2671	1	0.4381
1459	0.0000	0	0.0000
1460	0.0000	0	0.1146
1461	0.0000	0	0.1745
1462	0.0000	0	0.0538
1463	0.1824	1	0.5963
1464	0.0000	0	0.1368
1465	0.0833	1	0.4529
1466	0.0000	0	0.0000
1467	0.4293	1	0.6428
1468	0.0000	0	0.0000
1469	0.0000	0	0.0000
1470	0.0000	0	0.0000
1471	0.0000	0	0.0000
1472	0.0000	0	0.0000
1473	0.0000	0	0.0000
1474	0.0000	0	0.0000
1475	0.0000	0	0.0000
1476	0.0000	0	0.0000
1477	0.0000	0	0.0000
1478	0.0000	0	0.0000
1479	0.0000	0	0.1554
1480	0.0000	0	0.2366
1481	0.0000	0	0.0000
1482	0.0000	0	0.0000
1483	0.1264	1	0.4148
1484	0.0000	0	0.0000
1485	0.0000	0	0.0000
1486	0.0000	0	0.0563
1487	0.0000	0	0.5857
1488	0.0000	0	0.0762
1489	0.0000	0	0.7881
1490	0.0000	0	0.7673
1491	0.0000	0	0.4454
1492	0.0000	0	0.7331
1493	0.0000	0	0.5421
1494	0.0000	0	0.4071
1495	0.3617	1	0.5278
1496	0.3317	1	0.3818
1497	0.0856	1	0.0000
1498	0.1688	1	0.4343
1499	0.0000	0	0.0000
1500	0.3628	1	0.5583
1501	0.3474	1	0.5706
1502	0.0000	0	0.0000
1503	0.0000	0	0.0000
1504	0.0000	0	0.0000
1505	0.0000	0	0.0783
1506	0.0726	1	0.5695
1507	0.0000	0	0.1886
1508	0.0000	0	0.1057
1509	0.0000	0	0.0667
1510	0.0000	0	0.0000
1511	0.0000	0	0.0000
1512	0.0000	0	0.0000
1513	0.0000	0	0.0000
1514	0.0000	0	0.0000
1515	0.2185	1	0.0000
1516	0.0000	0	0.0000
1517	0.4443	1	0.4085
1518	0.0000	0	0.0000
1519	0.1727	1	0.6916
1520	0.2503	1	0.1671
1521	0.0000	0	0.0000
1522	0.0000	0	0.0797
1523	0.1403	1	0.4071
1524	0.1474	1	0.4413
1525	0.0000	0	0.0000
1526	0.0781	1	0.0608
1527	0.0000	0	0.0000
1528	0.0000	0	0.0000
1529	0.0000	0	0.0000
1530	0.0000	0	0.0000
1531	0.0000	0	0.0000
1532	0.0000	0	0.0000
1533	0.0000	0	0.0000
1534	0.0000	0	0.0000
1535	0.0000	0	0.0000
1536	0.0000	0	0.0000
1537	0.0000	0	0.0000
1538	0.1600	1	0.4913
1539	0.0000	0	0.0000
1540	0.0000	0	0.0000
1541	0.0000	0	0.1330
1542	0.0000	0	0.0000
1543	0.0000	0	0.0000
1544	0.0000	0	0.0000
1545	0.0000	0	0.0000
1546	0.0000	0	0.0000
1547	0.0000	0	0.0000
1548	0.0000	0	0.0000
1549	0.0000	0	0.0000
1550	0.0000	0	0.0000
1551	0.0000	0	0.0000
1552	0.0000	0	0.0000
1553	0.0000	0	0.0000
1554	0.0000	0	0.0000
1555	0.0000	0	0.4940
1556	0.0000	0	0.0000
1557	0.0000	0	0.2051
1558	0.0000	0	0.0000
1559	0.0000	0	0.0000
1560	0.1045	1	0.1374
1561	0.0000	0	0.0000
1562	0.0000	0	0.1264
1563	0.0000	0	0.0000
1564	0.0000	0	0.0000
1565	0.0000	0	0.0000
1566	0.0000	0	0.0654
1567	0.0000	0	0.0000
1568	0.2258	1	0.0775
1569	0.1655	1	0.2289
1570	0.0000	0	0.0000
1571	0.0000	0	0.0000
1572	0.0000	0	0.0000
1573	0.0000	0	0.0000
1574	0.0000	0	0.0508
1575	0.0000	0	0.0000
1576	0.0000	0	0.0000
1577	0.0000	0	0.0000
1578	0.0000	0	0.0000
1579	0.0000	0	0.1030
1580	0.0000	0	0.0000
1581	0.0000	0	0.0000
1582	0.0000	0	0.5536
1583	0.0000	0	0.0000
1584	0.0000	0	0.0000
1585	0.0000	0	0.0000
1586	0.0000	0	0.0000
1587	0.0000	0	0.0000
1588	0.0540	1	0.0000
1589	0.0000	0	0.0000
1590	0.0000	0	0.3401
1591	0.0000	0	0.3115
1592	0.0505	1	0.6190
1593	0.1283	1	0.1566
1594	0.0000	0	0.1187
1595	0.0000	0	0.0000
1596	0.0000	0	0.0000
1597	0.0000	0	0.0000
1598	0.0000	0	0.0000
1599	0.0000	0	0.0000
1600	0.0000	0	0.0000
1601	0.0000	0	0.0000
1602	0.0000	0	0.0000
1603	0.0000	0	0.0000
1604	0.0000	0	0.0000
1605	0.0000	0	0.0000
1606	0.0000	0	0.0000
1607	0.0000	0	0.0000
1608	0.0000	0	0.0000
1609	0.0000	0	0.0000
1610	0.0000	0	0.0000
1611	0.0000	0	0.1486
1612	0.0000	0	0.0000
1613	0.0000	0	0.0000
1614	0.2209	2	0.6819
1615	0.0000	0	0.1043
1616	0.0000	0	0.0000
1617	0.0000	0	0.0000
1618	0.0000	0	0.0000
1619	0.0000	0	0.0000
1620	0.0000	0	0.0000
1621	0.0000	0	0.1022
1622	0.0000	0	0.1891
1623	0.4407	1	0.8006
1624	0.3396	1	0.5108
1625	0.0000	0	0.0000
1626	0.0000	0	0.2077
1627	0.0000	0	0.0000
1628	0.0000	0	0.1960
1629	0.4190	2	0.6477
1630	0.0000	0	0.0000
1631	0.0000	0	0.4174
1632	0.3925	1	0.6403
1633	0.3188	1	0.7191
1634	0.2190	1	0.7417
1635	0.3694	1	0.8125
1636	0.3063	1	0.7838
1637	0.3574	1	0.7813
1638	0.3059	1	0.7710
1639	0.3713	1	0.7467
1640	0.3228	1	0.7375
1641	0.0000	0	0.1729
1642	0.2356	1	0.7517
1643	0.0000	0	0.3147
1644	0.0000	0	0.2892
1645	0.0000	0	0.0626
1646	0.0000	0	0.0000
1647	0.0821	1	0.1977
1648	0.0000	0	0.0000
1649	0.0000	0	0.0000
1650	0.0000	0	0.0000
1651	0.0000	0	0.0000
1652	0.0000	0	0.0000
1653	0.0000	0	0.0000
1654	0.0000	0	0.3968
1655	0.0000	0	0.0000
1656	0.0000	0	0.0000
1657	0.0000	0	0.2388
1658	0.0000	0	0.4832
1659	0.0000	0	0.0000
1660	0.0000	0	0.0000
1661	0.0000	0	0.0000
1662	0.0000	0	0.2404
1663	0.0000	0	0.1697
1664	0.0000	0	0.1289
1665	0.4147	1	0.7124
1666	0.1454	1	0.1037
1667	0.0000	0	0.0000
1668	0.0000	0	0.0000
1669	0.0000	0	0.0000
1670	0.0000	0	0.0000
1671	0.0000	0	0.0000
1672	0.0000	0	0.1406
1673	0.0000	0	0.0000
1674	0.0000	0	0.0000
1675	0.0000	0	0.0000
1676	0.0000	0	0.0625
1677	0.0000	0	0.0000
1678	0.0000	0	0.0000
1679	0.0000	0	0.0000
1680	0.0000	0	0.1990
1681	0.0000	0	0.0000
1682	0.0000	0	0.0000
1683	0.0000	0	0.0000
1684	0.0000	0	0.0000
1685	0.0000	0	0.0000
1686	0.0000	0	0.0000
1687	0.0000	0	0.4026
1688	0.0000	0	0.0000
1689	0.0000	0	0.0000
1690	0.0000	0	0.0000
1691	0.0000	0	0.0000
1692	0.0000	0	0.0000
1693	0.0000	0	0.0000
1694	0.0644	1	0.5484
1695	0.0000	0	0.0000
1696	0.0000	0	0.0000
1697	0.0000	0	0.0000
1698	0.0000	0	0.0000
1699	0.0000	0	0.0000
1700	0.0000	0	0.0000
1701	0.0000	0	0.0000
1702	0.0000	0	0.0000
1703	0.0000	0	0.0000
1704	0.0000	0	0.0000
1705	0.0000	0	0.0000
1706	0.0000	0	0.0000
1707	0.0000	0	0.0000
1708	0.0000	0	0.0000
1709	0.0000	0	0.0000
1710	0.0000	0	0.0000
1711	0.0000	0	0.0000
1712	0.0000	0	0.0000
1713	0.0000	0	0.2236
1714	0.0000	0	0.2385
1715	0.0938	1	0.3816
1716	0.0000	0	0.4011
1717	0.0000	0	0.0000
1718	0.0000	0	0.0000
1719	0.0000	0	0.0000
1720	0.0000	0	0.7093
1721	0.0000	0	0.0000
1722	0.0000	0	0.0000
1723	0.0000	0	0.0000
1724	0.0000	0	0.0000
1725	0.0000	0	0.0000
1726	0.0000	0	0.0000
1727	0.0000	0	0.0000
1728	0.0000	0	0.0000
1729	0.0000	0	0.3421
1730	0.0000	0	0.0000
1731	0.0000	0	0.0000
1732	0.0000	0	0.0000
1733	0.0000	0	0.0000
1734	0.0000	0	0.0000
1735	0.1137	1	0.0979
1736	0.4031	1	0.6893
1737	0.0000	0	0.4222
1738	0.0000	0	0.1243
1739	0.0000	0	0.0000
1740	0.0000	0	0.0763
1741	0.0000	0	0.0000
1742	0.0000	0	0.0000
1743	0.0000	0	0.0000
1744	0.1569	1	0.0000
1745	0.0000	0	0.1147
1746	0.0000	0	0.0000
1747	0.0000	0	0.0965
1748	0.0000	0	0.0000
1749	0.0000	0	0.5620
1750	0.0000	0	0.0000
1751	0.2237	1	0.6536
1752	0.0000	0	0.0000
1753	0.0000	0	0.0000
1754	0.0000	0	0.0000
1755	0.1613	1	0.8541
1756	0.4252	1	0.7364
1757	0.2335	1	0.8173
1758	0.3967	2	0.5072
1759	0.0000	0	0.0000
1760	0.0000	0	0.0000
1761	0.0538	1	0.1141
1762	0.0000	0	0.0000
1763	0.0000	0	0.0000
1764	0.0000	0	0.0000
1765	0.0000	0	0.0000
1766	0.0000	0	0.0000
1767	0.0000	0	0.0000
1768	0.0000	0	0.0000
1769	0.0000	0	0.0000
1770	0.0000	0	0.0000
1771	0.0000	0	0.0000
1772	0.0000	0	0.0000
1773	0.0514	1	0.2015
1774	0.4292	1	0.5232
1775	0.0000	0	0.0000
1776	0.0000	0	0.3157
1777	0.0000	0	0.1725
1778	0.0000	0	0.0000
1779	0.0000	0	0.0000
1780	0.0000	0	0.0000
1781	0.0000	0	0.0000
1782	0.0000	0	0.0000
1783	0.0000	0	0.0000
1784	0.0000	0	0.0000
1785	0.0000	0	0.0000
1786	0.0000	0	0.0000
1787	0.0000	0	0.0000
1788	0.0000	0	0.0000
1789	0.0000	0	0.0000
1790	0.0000	0	0.0000
1791	0.0000	0	0.0000
1792	0.0000	0	0.0000
1793	0.0000	0	0.0000
1794	0.0000	0	0.0000
1795	0.0000	0	0.0000
1796	0.0000	0	0.0000
1797	0.0000	0	0.0000
1798	0.0000	0	0.0000
1799	0.0000	0	0.0000
1800	0.0000	0	0.0000
1801	0.0000	0	0.0000
1802	0.0000	0	0.0000
1803	0.0000	0	0.0000
1804	0.0000	0	0.0000
1805	0.0000	0	0.0000
1806	0.0000	0	0.0000
1807	0.0000	0	0.0000
1808	0.0000	0	0.0000
1809	0.0000	0	0.3342
1810	0.0000	0	0.0000
1811	0.4623	1	0.8188
1812	0.0000	0	0.0000
1813	0.0000	0	0.0000
1814	0.3806	1	0.7242
1815	0.3864	1	0.6455
1816	0.2596	1	0.3847
1817	0.3082	1	0.4815
1818	0.0000	0	0.0000
1819	0.0000	0	0.0000
1820	0.0000	0	0.0000
1821	0.0000	0	0.0000
1822	0.0000	0	0.0000
1823	0.1456	1	0.5042
1824	0.0000	0	0.0000
1825	0.3170	1	0.3952
1826	0.0000	0	0.0000
1827	0.0000	0	0.0000
1828	0.0000	0	0.0000
1829	0.0000	0	0.0000
1830	0.0000	0	0.0000
1831	0.0000	0	0.0000
1832	0.0000	0	0.0000
1833	0.0000	0	0.0000
1834	0.0000	0	0.0000
1835	0.0000	0	0.0000
1836	0.0000	0	0.0000
1837	0.0000	0	0.0000
1838	0.0000	0	0.0000
1839	0.0000	0	0.0000
1840	0.0000	0	0.0000
1841	0.0000	0	0.0000
1842	0.0000	0	0.1912
1843	0.0000	0	0.0000
1844	0.0000	0	0.0000
1845	0.0000	0	0.0000
1846	0.0525	1	0.3885
1847	0.5209	1	0.7278
1848	0.3695	1	0.5133
1849	0.5412	1	0.8273
1850	0.2090	2	0.3737
1851	0.1942	1	0.4553
1852	0.1229	1	0.4976
1853	0.0000	0	0.0000
1854	0.0000	0	0.0000
1855	0.4010	1	0.5528
1856	0.0000	0	0.1332
1857	0.0000	0	0.0000
1858	0.0000	0	0.0000
1859	0.0000	0	0.0000
1860	0.0000	0	0.0000
1861	0.0000	0	0.0000
1862	0.0000	0	0.0000
1863	0.0000	0	0.0000
1864	0.0000	0	0.0615
1865	0.0000	0	0.0000
1866	0.2647	1	0.4534
1867	0.0000	0	0.0000
1868	0.2247	1	0.0555
1869	0.0000	0	0.0891
1870	0.4006	1	0.5658
1871	0.0000	0	0.0000
1872	0.0000	0	0.0000
1873	0.0000	0	0.2414
1874	0.0000	0	0.0000
1875	0.0000	0	0.0000
1876	0.0000	0	0.0000
1877	0.0000	0	0.0000
1878	0.0000	0	0.0000
1879	0.0000	0	0.0000
1880	0.0643	1	0.5201
1881	0.0000	0	0.4688
1882	0.0000	0	0.1761
1883	0.0000	0	0.0000
1884	0.0000	0	0.0000
1885	0.0000	0	0.0000
1886	0.0000	0	0.0000
1887	0.0000	0	0.0000
1888	0.0816	1	0.0000
1889	0.0000	0	0.0000
1890	0.0000	0	0.0000
1891	0.4434	1	0.6611
1892	0.3240	1	0.6640
1893	0.6037	2	0.5687
1894	0.0000	0	0.0000
1895	0.2033	2	0.6540
1896	0.0000	0	0.3313
1897	0.0000	0	0.0000
1898	0.0000	0	0.4084
1899	0.0000	0	0.0000
1900	0.0000	0	0.0000
1901	0.0000	0	0.0000
1902	0.0000	0	0.0000
1903	0.0000	0	0.0000
1904	0.0000	0	0.0000
1905	0.0000	0	0.0000
1906	0.0000	0	0.0000
1907	0.0000	0	0.0000
1908	0.0000	0	0.0000
1909	0.0000	0	0.0000
1910	0.0000	0	0.0000
1911	0.0000	0	0.0000
1912	0.0000	0	0.0000
1913	0.0000	0	0.0000
1914	0.0000	0	0.2393
1915	0.0000	0	0.1916
1916	0.0000	0	0.3209
1917	0.0000	0	0.3455
1918	0.0000	0	0.0000
1919	0.0000	0	0.0000
1920	0.0000	0	0.0000
1921	0.0000	0	0.0000
1922	0.1294	1	0.5791
1923	0.5783	1	0.6059
1924	0.5274	1	0.6884
1925	0.2756	1	0.7299
1926	0.0000	0	0.0000
1927	0.0000	0	0.0000
1928	0.0000	0	0.0000
1929	0.0000	0	0.0000
1930	0.1028	1	0.2491
1931	0.0000	0	0.0000
1932	0.0000	0	0.0000
1933	0.0000	0	0.0000
1934	0.0000	0	0.0000
1935	0.0000	0	0.1216
1936	0.0968	1	0.4623
1937	0.0000	0	0.2264
1938	0.0000	0	0.1053
1939	0.0000	0	0.2217
1940	0.0000	0	0.2745
1941	0.0000	0	0.0000
1942	0.0000	0	0.0000
1943	0.0000	0	0.0000
1944	0.0000	0	0.0000
1945	0.0000	0	0.0000
1946	0.0000	0	0.0000
1947	0.0000	0	0.1884
1948	0.4073	1	0.8099
1949	0.0509	1	0.0000
1950	0.1891	1	0.0000
1951	0.0000	0	0.0000
1952	0.1319	1	0.0000
1953	0.2113	1	0.3153
1954	0.0000	0	0.1823
1955	0.2434	1	0.6337
1956	0.0000	0	0.0000
1957	0.4128	1	0.2061
1958	0.2349	1	0.5916
1959	0.0000	0	0.0000
1960	0.0000	0	0.1587
1961	0.0000	0	0.1201
1962	0.2540	1	0.4786
1963	0.0511	1	0.0000
1964	0.2926	1	0.7373
1965	0.0000	0	0.0000
1966	0.0000	0	0.0000
1967	0.0000	0	0.0000
1968	0.0000	0	0.0831
1969	0.0000	0	0.0000
1970	0.0748	1	0.4449
1971	0.0835	1	0.5229
1972	0.0000	0	0.0564
1973	0.0501	1	0.2140
1974	0.0000	0	0.3100
1975	0.0000	0	0.1615
1976	0.0519	1	0.2420
1977	0.1845	1	0.4523
1978	0.2146	1	0.7178
1979	0.0000	0	0.0000
1980	0.2047	1	0.5894
1981	0.0639	1	0.2266
1982	0.0000	0	0.0000
1983	0.0000	0	0.0000
1984	0.3530	1	0.7682
1985	0.0000	0	0.0000
1986	0.0000	0	0.2508
1987	0.0000	0	0.5203
1988	0.0000	0	0.7018
1989	0.0000	0	0.0000
1990	0.0000	0	0.0000
1991	0.0000	0	0.0000
1992	0.0000	0	0.0000
1993	0.0000	0	0.0000
1994	0.0000	0	0.0000
1995	0.0000	0	0.0000
1996	0.0000	0	0.0000
1997	0.0521	1	0.5584
1998	0.2454	1	0.5885
1999	0.0000	0	0.0000
2000	0.0000	0	0.0000
2001	0.0000	0	0.0513
2002	0.1858	1	0.4023
2003	0.3440	1	0.7673
2004	0.0688	1	0.4748
2005	0.0545	1	0.7086
2006	0.0675	1	0.1704
2007	0.0000	0	0.0000
2008	0.0000	0	0.5721
2009	0.0000	0	0.0833
2010	0.0000	0	0.0000
2011	0.0000	0	0.0000
2012	0.5786	1	0.6849
2013	0.5610	2	0.6719
2014	0.0000	0	0.0000
2015	0.0000	0	0.0000
2016	0.5187	1	0.7987
2017	0.3530	1	0.6839
2018	0.5231	1	0.5372
2019	0.0000	0	0.0000
2020	0.0000	0	0.0000
2021	0.0000	0	0.0000
2022	0.0000	0	0.0000
2023	0.0000	0	0.0000
2024	0.0000	0	0.4040
2025	0.0000	0	0.0000
2026	0.1356	1	0.1301
2027	0.0000	0	0.0000
2028	0.0000	0	0.3317
2029	0.0000	0	0.0000
2030	0.3480	1	0.4489
2031	0.0000	0	0.0000
2032	0.0000	0	0.0000
2033	0.1849	2	0.2308
2034	0.0000	0	0.0000
2035	0.0000	0	0.0000
2036	0.2854	2	0.2178
2037	0.0000	0	0.0000
2038	0.0957	2	0.4018
2039	0.0000	0	0.0000
2040	0.0000	0	0.1572
2041	0.0736	1	0.4483
2042	0.0504	1	0.5625
2043	0.2609	1	0.3367
2044	0.0000	0	0.0000
2045	0.0000	0	0.0000
2046	0.1222	1	0.1992
2047	0.0000	0	0.0000
2048	0.0000	0	0.0000
2049	0.0000	0	0.0000
2050	0.0000	0	0.0000
2051	0.0000	0	0.0000
2052	0.0000	0	0.0000
2053	0.0000	0	0.0000
2054	0.0000	0	0.1460
2055	0.0000	0	0.0000
2056	0.2168	1	0.1695
2057	0.0900	1	0.1939
2058	0.0000	0	0.0000
2059	0.0000	0	0.1863
2060	0.0590	1	0.4111
2061	0.0000	0	0.0000
2062	0.0000	0	0.0000
2063	0.0000	0	0.0000
2064	0.0000	0	0.0000
2065	0.0000	0	0.2047
2066	0.0000	0	0.0000
2067	0.0000	0	0.0000
2068	0.0000	0	0.0951
2069	0.0000	0	0.1105
2070	0.1467	1	0.4811
2071	0.1147	1	0.4402
2072	0.0000	0	0.0000
2073	0.0000	0	0.0000
2074	0.0000	0	0.0000
2075	0.0000	0	0.0000
2076	0.0905	1	0.1578
2077	0.0000	0	0.0000
2078	0.0000	0	0.0000
2079	0.0000	0	0.0000
2080	0.0000	0	0.0000
2081	0.0000	0	0.0000
2082	0.0000	0	0.0000
2083	0.0000	0	0.0000
2084	0.0000	0	0.0000
2085	0.0000	0	0.0000
2086	0.0000	0	0.0000
2087	0.0000	0	0.6811
2088	0.0000	0	0.1086
2089	0.0000	0	0.0000
2090	0.0000	0	0.0000
2091	0.0000	0	0.0000
2092	0.2193	1	0.3568
2093	0.0000	0	0.0000
2094	0.1175	1	0.1567
2095	0.0000	0	0.0626
2096	0.2371	2	0.8397
2097	0.0000	0	0.2321
2098	0.0000	0	0.0000
2099	0.0000	0	0.0000
2100	0.0000	0	0.1750
2101	0.0000	0	0.0000
2102	0.0000	0	0.0000
2103	0.0000	0	0.0000
2104	0.0000	0	0.0000
2105	0.0000	0	0.0000
2106	0.0000	0	0.0000
2107	0.0000	0	0.0000
2108	0.0000	0	0.0000
2109	0.0000	0	0.0000
2110	0.0000	0	0.0000
2111	0.0000	0	0.0000
2112	0.0000	0	0.0000
2113	0.0000	0	0.0568
2114	0.0000	0	0.0000
2115	0.0000	0	0.0000
2116	0.0000	0	0.0000
2117	0.0000	0	0.0000
2118	0.0000	0	0.0000
2119	0.0000	0	0.0000
2120	0.0000	0	0.0000
2121	0.0000	0	0.0000
2122	0.0000	0	0.0000
2123	0.0000	0	0.0000
2124	0.0000	0	0.0000
2125	0.0000	0	0.0000
2126	0.0000	0	0.0000
2127	0.0000	0	0.0000
2128	0.0000	0	0.0000
2129	0.0000	0	0.0000
2130	0.0000	0	0.0000
2131	0.0000	0	0.0000
2132	0.0000	0	0.0000
2133	0.0000	0	0.0000
2134	0.0000	0	0.0000
2135	0.0000	0	0.0000
2136	0.0000	0	0.0000
2137	0.0000	0	0.0000
2138	0.0000	0	0.0000
2139	0.0000	0	0.0000
2140	0.0000	0	0.0000
2141	0.0000	0	0.1317
2142	0.0783	1	0.4561
2143	0.1359	1	0.5762
2144	0.0000	0	0.0000
2145	0.3607	1	0.7120
2146	0.0000	0	0.0000
2147	0.0000	0	0.0000
2148	0.3790	2	0.7373
2149	0.0000	0	0.3275
2150	0.0000	0	0.0000
2151	0.0000	0	0.1902
2152	0.0000	0	0.4092
2153	0.0000	0	0.0000
2154	0.0000	0	0.0000
2155	0.0000	0	0.0000
2156	0.0000	0	0.0000
2157	0.0000	0	0.0000
2158	0.0000	0	0.1884
2159	0.0000	0	0.0000
2160	0.0000	0	0.0000
2161	0.0000	0	0.0000
2162	0.0000	0	0.0000
2163	0.0000	0	0.0000
2164	0.0000	0	0.0000
2165	0.0000	0	0.0000
2166	0.0000	0	0.0000
2167	0.0000	0	0.0000
2168	0.0000	0	0.0000
2169	0.0000	0	0.0000
2170	0.0000	0	0.0000
2171	0.0000	0	0.0000
2172	0.0000	0	0.4449
2173	0.0000	0	0.0713
2174	0.0000	0	0.0000
2175	0.0000	0	0.0000
2176	0.2536	1	0.3327
2177	0.0605	2	0.1749
2178	0.0000	0	0.0578
2179	0.0000	0	0.1031
2180	0.0000	0	0.0000
2181	0.0680	1	0.4491
2182	0.0000	0	0.0000
2183	0.0000	0	0.0000
2184	0.0000	0	0.0000
2185	0.0000	0	0.0000
2186	0.0000	0	0.0000
2187	0.0000	0	0.0000
2188	0.0971	1	0.5230
2189	0.1226	1	0.6571
2190	0.0000	0	0.0517
2191	0.0556	1	0.2062
2192	0.0000	0	0.1072
2193	0.0000	0	0.0000
2194	0.0000	0	0.0540
2195	0.1761	1	0.5102
2196	0.0000	0	0.1081
2197	0.0000	0	0.0000
2198	0.0000	0	0.0000
2199	0.0000	0	0.3387
2200	0.0000	0	0.0563
2201	0.0000	0	0.0720
2202	0.0000	0	0.2097
2203	0.0000	0	0.0547
2204	0.0506	1	0.4510
2205	0.0996	1	0.1772
2206	0.0830	1	0.3463
2207	0.0000	0	0.1193
2208	0.0798	1	0.2173
2209	0.0000	0	0.0000
2210	0.0654	1	0.7410
2211	0.0000	0	0.7940
2212	0.0000	0	0.6756
2213	0.0000	0	0.1413
2214	0.0000	0	0.0000
2215	0.0000	0	0.1083
2216	0.0000	0	0.0000
2217	0.0000	0	0.3813
2218	0.1911	1	0.3574
2219	0.0000	0	0.0000
2220	0.0000	0	0.1634
2221	0.0000	0	0.1375
2222	0.0000	0	0.2379
2223	0.1419	1	0.6672
2224	0.0000	0	0.1319
2225	0.1723	2	0.4411
2226	0.1503	1	0.1339
2227	0.0000	0	0.0000
2228	0.0930	1	0.0536
2229	0.0725	1	0.1773
2230	0.1502	1	0.0975
2231	0.0000	0	0.0000
2232	0.0849	1	0.0000
2233	0.0000	0	0.0000
2234	0.0000	0	0.0000
2235	0.0000	0	0.5481
2236	0.1547	1	0.3656
2237	0.1637	1	0.4147
2238	0.0000	0	0.0000
2239	0.1892	1	0.6197
2240	0.0819	1	0.3649
2241	0.1081	1	0.6575
2242	0.0990	1	0.5266
2243	0.0000	0	0.0000
2244	0.0000	0	0.0000
2245	0.0000	0	0.0000
2246	0.0794	1	0.2025
2247	0.0000	0	0.0000
2248	0.0000	0	0.0523
2249	0.0000	0	0.0564
2250	0.0000	0	0.1101
2251	0.0000	0	0.0000
2252	0.0000	0	0.0000
2253	0.0000	0	0.0000
2254	0.0000	0	0.0000
2255	0.0000	0	0.0000
2256	0.0000	0	0.0000
2257	0.0848	1	0.5824
2258	0.0000	0	0.0000
2259	0.0000	0	0.0000
2260	0.0000	0	0.3548
2261	0.1632	1	0.4038
2262	0.4715	1	0.4654
2263	0.1114	1	0.6842
2264	0.0000	0	0.2703
2265	0.2094	1	0.7350
2266	0.0875	1	0.7825
2267	0.0506	1	0.7928
2268	0.1939	2	0.7752
2269	0.1156	1	0.7971
2270	0.0000	0	0.0000
2271	0.0000	0	0.0000
2272	0.0000	0	0.0000
2273	0.0000	0	0.0000
2274	0.0000	0	0.0000
2275	0.0000	0	0.0000
2276	0.0000	0	0.0000
2277	0.0000	0	0.2370
2278	0.3030	1	0.3974
2279	0.0000	0	0.0000
2280	0.0000	0	0.0000
2281	0.5749	1	0.6688
2282	0.0000	0	0.0000
2283	0.0000	0	0.0000
2284	0.0000	0	0.0000
2285	0.0000	0	0.0000
2286	0.0000	0	0.0000
2287	0.0000	0	0.0000
2288	0.0000	0	0.0000
2289	0.0000	0	0.0000
2290	0.0000	0	0.0000
2291	0.0000	0	0.0000
2292	0.1740	1	0.4839
2293	0.0000	0	0.0669
2294	0.0000	0	0.0000
2295	0.0000	0	0.0000
2296	0.0686	1	0.0741
2297	0.0000	0	0.0618
2298	0.0000	0	0.0000
2299	0.0000	0	0.0000
2300	0.0000	0	0.0000
2301	0.0000	0	0.0000
2302	0.0000	0	0.0000
2303	0.0000	0	0.0000
2304	0.0000	0	0.0000
2305	0.0000	0	0.0000
2306	0.0000	0	0.0000
2307	0.0000	0	0.0000
2308	0.0000	0	0.0000
2309	0.0000	0	0.0000
2310	0.0000	0	0.0000
2311	0.3202	1	0.3498
2312	0.0000	0	0.0000
2313	0.0000	0	0.1262
2314	0.0000	0	0.2650
2315	0.1391	1	0.2755
2316	0.3436	1	0.5076
2317	0.0000	0	0.0000
2318	0.0000	0	0.0000
2319	0.0000	0	0.1698
2320	0.2947	1	0.4491
2321	0.0000	0	0.1068
2322	0.3144	1	0.4860
2323	0.0573	1	0.0000
2324	0.0000	0	0.0000
2325	0.0000	0	0.0000
2326	0.0000	0	0.0000
2327	0.0000	0	0.0000
2328	0.0000	0	0.0000
2329	0.0000	0	0.0000
2330	0.0000	0	0.0000
2331	0.0000	0	0.0000
2332	0.0000	0	0.0000
2333	0.0000	0	0.0000
2334	0.0000	0	0.0000
2335	0.0000	0	0.0000
2336	0.0000	0	0.0000
2337	0.0000	0	0.0000
2338	0.0000	0	0.2244
2339	0.0000	0	0.1342
2340	0.0000	0	0.1419
2341	0.0000	0	0.0000
2342	0.0000	0	0.0507
2343	0.0000	0	0.1824
2344	0.0000	0	0.0000
2345	0.0000	0	0.0000
2346	0.0500	1	0.1168
2347	0.1171	1	0.2693
2348	0.0000	0	0.0000
2349	0.0000	0	0.0000
2350	0.0000	0	0.0000
2351	0.0000	0	0.0000
2352	0.0000	0	0.0000
2353	0.0000	0	0.0000
2354	0.3510	1	0.3872
2355	0.0000	0	0.0000
2356	0.0000	0	0.0783
2357	0.0000	0	0.0000
2358	0.0789	1	0.0949
2359	0.0000	0	0.0528
2360	0.0000	0	0.0000
2361	0.0000	0	0.0000
2362	0.1377	1	0.2975
2363	0.0000	0	0.0000
2364	0.0000	0	0.0000
2365	0.0000	0	0.0000
2366	0.0000	0	0.0000
2367	0.0659	1	0.1276
2368	0.0572	1	0.6747
2369	0.0000	0	0.0000
2370	0.0000	0	0.0000
2371	0.0000	0	0.0000
2372	0.0000	0	0.0000
2373	0.0000	0	0.5363
2374	0.0966	1	0.6804
2375	0.0000	0	0.0000
2376	0.0000	0	0.5469
2377	0.0000	0	0.0000
2378	0.0000	0	0.1156
2379	0.0000	0	0.3051
2380	0.0000	0	0.2151
2381	0.0598	1	0.6643
2382	0.0000	0	0.0000
2383	0.0000	0	0.4340
2384	0.0000	0	0.0000
2385	0.0000	0	0.0000
2386	0.0000	0	0.0000
2387	0.0567	1	0.1398
2388	0.0000	0	0.0000
2389	0.0000	0	0.0000
2390	0.0000	0	0.0000
2391	0.0000	0	0.0000
2392	0.0000	0	0.0000
2393	0.0000	0	0.0000
2394	0.0000	0	0.0000
2395	0.0000	0	0.0000
2396	0.5554	1	0.3618
2397	0.0000	0	0.0000
2398	0.0000	0	0.0000
2399	0.0000	0	0.0000
2400	0.0000	0	0.0000
2401	0.0000	0	0.0635
2402	0.0000	0	0.0000
2403	0.0000	0	0.0000
2404	0.0000	0	0.0000
2405	0.0000	0	0.0000
2406	0.0000	0	0.0000
2407	0.0000	0	0.0000
2408	0.0000	0	0.1502
2409	0.0000	0	0.1644
2410	0.0000	0	0.0000
2411	0.0000	0	0.0000
2412	0.0000	0	0.0000
2413	0.0000	0	0.0000
2414	0.0000	0	0.0000
2415	0.0000	0	0.0893
2416	0.0000	0	0.0000
2417	0.0000	0	0.0000
2418	0.0000	0	0.2256
2419	0.0000	0	0.2366
2420	0.0000	0	0.0000
2421	0.0000	0	0.0000
2422	0.1477	1	0.0000
2423	0.0000	0	0.0000
2424	0.0000	0	0.0000
2425	0.0000	0	0.0000
2426	0.0000	0	0.0000
2427	0.0000	0	0.0000
2428	0.0000	0	0.0727
2429	0.0000	0	0.0000
2430	0.0000	0	0.0000
2431	0.0000	0	0.0000
2432	0.0000	0	0.0000
2433	0.0000	0	0.0000
2434	0.0000	0	0.3940
2435	0.0588	1	0.3288
2436	0.0000	0	0.4416
2437	0.0960	1	0.3798
2438	0.2488	2	0.3920
2439	0.0000	0	0.1050
2440	0.0000	0	0.0875
2441	0.0000	0	0.0000
2442	0.0000	0	0.0683
2443	0.0000	0	0.1016
2444	0.0000	0	0.1438
2445	0.0000	0	0.0000
2446	0.0000	0	0.0000
2447	0.0000	0	0.0543
2448	0.0000	0	0.0535
2449	0.0000	0	0.0696
2450	0.0000	0	0.0606
2451	0.0000	0	0.0000
2452	0.0000	0	0.0915
2453	0.0000	0	0.1244
2454	0.0000	0	0.0000
2455	0.0000	0	0.0000
2456	0.0669	1	0.0000
2457	0.0000	0	0.0766
2458	0.1006	1	0.1308
2459	0.0000	0	0.3292
2460	0.0000	0	0.0000
2461	0.0000	0	0.0000
2462	0.0000	0	0.0699
2463	0.0000	0	0.0699
2464	0.0000	0	0.0978
2465	0.0000	0	0.0000
2466	0.0000	0	0.0546
2467	0.0000	0	0.0000
2468	0.0000	0	0.0000
2469	0.0000	0	0.0000
2470	0.0000	0	0.0000
2471	0.0000	0	0.1369
2472	0.0000	0	0.0832
2473	0.0000	0	0.0938
2474	0.0000	0	0.0000
2475	0.0000	0	0.0764
2476	0.0000	0	0.0000
2477	0.0000	0	0.0000
2478	0.0000	0	0.0000
2479	0.0000	0	0.0000
2480	0.0000	0	0.0000
2481	0.0000	0	0.2004
2482	0.0000	0	0.1479
2483	0.0000	0	0.0671
2484	0.0000	0	0.0000
2485	0.0820	1	0.0812
2486	0.0000	0	0.0597
2487	0.0000	0	0.1311
2488	0.0000	0	0.2344
2489	0.0000	0	0.2223
2490	0.1266	1	0.3650
2491	0.0000	0	0.1563
2492	0.0000	0	0.0000
2493	0.0000	0	0.0000
2494	0.0000	0	0.0000
2495	0.3354	1	0.3518
2496	0.0000	0	0.0000
2497	0.0000	0	0.0000
2498	0.0000	0	0.0000
2499	0.0000	0	0.0000
2500	0.0000	0	0.0000
2501	0.0000	0	0.0000
2502	0.0000	0	0.1406
2503	0.0000	0	0.0000
2504	0.0000	0	0.0000
2505	0.0000	0	0.0000
2506	0.0000	0	0.0000
2507	0.0000	0	0.0000
2508	0.0000	0	0.0000
2509	0.0000	0	0.0000
2510	0.0000	0	0.0000
2511	0.0782	1	0.1883
2512	0.0000	0	0.0000
2513	0.0000	0	0.0000
2514	0.0000	0	0.1079
2515	0.0000	0	0.0000
2516	0.0000	0	0.0000
2517	0.0000	0	0.1456
2518	0.0000	0	0.2032
2519	0.0000	0	0.0000
2520	0.0000	0	0.4097
2521	0.0000	0	0.0661
2522	0.0000	0	0.0000
2523	0.0000	0	0.1199
2524	0.0000	0	0.0000
2525	0.0000	0	0.0000
2526	0.0000	0	0.0531
2527	0.0000	0	0.0000
2528	0.0000	0	0.0000
2529	0.0000	0	0.0000
2530	0.1644	1	0.0000
2531	0.0000	0	0.0000
2532	0.0000	0	0.0000
2533	0.0000	0	0.0000
2534	0.0000	0	0.0000
2535	0.0000	0	0.0000
2536	0.0000	0	0.0000
2537	0.0000	0	0.0000
2538	0.0000	0	0.0627
2539	0.0000	0	0.0995
2540	0.0000	0	0.1055
2541	0.0000	0	0.0000
2542	0.0000	0	0.1141
2543	0.0000	0	0.0000
2544	0.0000	0	0.0000
2545	0.0000	0	0.0000
2546	0.0000	0	0.1798
2547	0.0000	0	0.0000
2548	0.0000	0	0.0000
2549	0.0000	0	0.0515
2550	0.0000	0	0.0882
2551	0.0000	0	0.2492
2552	0.0000	0	0.0000
2553	0.0000	0	0.0620
2554	0.0000	0	0.0000
2555	0.0000	0	0.0000
2556	0.0000	0	0.0000
2557	0.0000	0	0.0000
2558	0.0000	0	0.0000
2559	0.0000	0	0.0000
2560	0.0000	0	0.0000
2561	0.2548	2	0.3805
2562	0.0000	0	0.0000
2563	0.2902	1	0.0000
2564	0.0000	0	0.1231
2565	0.0000	0	0.0000
2566	0.0000	0	0.0545
2567	0.0000	0	0.0000
2568	0.0000	0	0.0000
2569	0.0000	0	0.0000
2570	0.0000	0	0.0000
2571	0.0000	0	0.0000
2572	0.0000	0	0.0000
2573	0.0000	0	0.0883
2574	0.0000	0	0.2303
2575	0.0000	0	0.2072
2576	0.0000	0	0.0000
2577	0.0000	0	0.0000
2578	0.0000	0	0.0000
2579	0.0000	0	0.0000
2580	0.0000	0	0.0000
2581	0.0000	0	0.0000
2582	0.0000	0	0.0000
2583	0.0000	0	0.0000
2584	0.0000	0	0.0000
2585	0.0000	0	0.0000
2586	0.0000	0	0.0000
2587	0.0000	0	0.0000
2588	0.0000	0	0.0000
2589	0.0000	0	0.0729
2590	0.0000	0	0.0000
2591	0.0000	0	0.0000
2592	0.3531	3	0.2918
2593	0.4950	2	0.3940
2594	0.0619	1	0.1229
2595	0.3688	1	0.5827
2596	0.0000	0	0.1594
2597	0.0000	0	0.0980
2598	0.0000	0	0.0000
2599	0.0000	0	0.0513
2600	0.0000	0	0.0000
2601	0.0000	0	0.0000
2602	0.0000	0	0.0698
2603	0.0000	0	0.1799
2604	0.0000	0	0.0000
2605	0.0000	0	0.0000
2606	0.1303	1	0.0000
2607	0.1885	1	0.3148
2608	0.0000	0	0.1414
2609	0.0854	1	0.1745
2610	0.0000	0	0.4360
2611	0.1445	1	0.0684
2612	0.0000	0	0.0000
2613	0.0000	0	0.0766
2614	0.0000	0	0.0707
2615	0.0000	0	0.0000
2616	0.0000	0	0.0000
2617	0.0000	0	0.0000
2618	0.0000	0	0.0000
2619	0.0000	0	0.0000
2620	0.0000	0	0.0000
2621	0.0000	0	0.0000
2622	0.0000	0	0.0000
2623	0.0000	0	0.0000
2624	0.0000	0	0.1714
2625	0.0000	0	0.4727
2626	0.0000	0	0.0000
2627	0.0000	0	0.0000
2628	0.0000	0	0.0000
2629	0.0000	0	0.0000
2630	0.0000	0	0.0000
2631	0.0000	0	0.0000
2632	0.0000	0	0.0000
2633	0.0000	0	0.0000
2634	0.0000	0	0.1541
2635	0.0000	0	0.0000
2636	0.0000	0	0.0000
2637	0.0000	0	0.1732
2638	0.6284	1	0.7071
2639	0.1123	1	0.2168
2640	0.5079	1	0.6687
2641	0.0000	0	0.0000
2642	0.0000	0	0.0000
2643	0.0000	0	0.0000
2644	0.0000	0	0.0000
2645	0.0000	0	0.0000
2646	0.0000	0	0.0000
2647	0.0000	0	0.0000
2648	0.1062	1	0.1329
2649	0.0000	0	0.0732
2650	0.0000	0	0.0826
2651	0.0000	0	0.1242
2652	0.0000	0	0.0000
2653	0.0000	0	0.0000
2654	0.0000	0	0.0000
2655	0.0000	0	0.0000
2656	0.0000	0	0.0000
2657	0.0000	0	0.0000
2658	0.0000	0	0.5039
2659	0.5398	1	0.8070
2660	0.0000	0	0.5250
2661	0.0000	0	0.0000
2662	0.0000	0	0.0000
2663	0.0000	0	0.0000
2664	0.0000	0	0.0000
2665	0.0000	0	0.0000
2666	0.0000	0	0.0000
2667	0.0000	0	0.0662
2668	0.1310	1	0.0779
2669	0.0000	0	0.0000
2670	0.0000	0	0.0585
2671	0.0000	0	0.0550
2672	0.2838	1	0.1812
2673	0.0000	0	0.0833
2674	0.0000	0	0.0000
2675	0.0000	0	0.0000
2676	0.0000	0	0.0000
2677	0.0000	0	0.0567
2678	0.0000	0	0.0000
2679	0.0000	0	0.1173
2680	0.0000	0	0.0000
2681	0.0000	0	0.1535
2682	0.2771	1	0.3665
2683	0.0000	0	0.0000
2684	0.0000	0	0.0788
2685	0.4087	2	0.4259
2686	0.0000	0	0.2736
2687	0.0000	0	0.0000
2688	0.0000	0	0.0000
2689	0.0000	0	0.0000
2690	0.0000	0	0.0000
2691	0.0000	0	0.0000
2692	0.0000	0	0.0000
2693	0.0000	0	0.0000
2694	0.0000	0	0.0000
2695	0.0000	0	0.0588
2696	0.0664	1	0.2004
2697	0.0000	0	0.0000
2698	0.0000	0	0.0651
2699	0.0000	0	0.0735
2700	0.0000	0	0.0000
2701	0.0000	0	0.0000
2702	0.0000	0	0.3985
2703	0.0000	0	0.0000
2704	0.0000	0	0.0000
2705	0.0000	0	0.0000
2706	0.0000	0	0.1983
2707	0.0000	0	0.2569
2708	0.0000	0	0.0000
2709	0.0000	0	0.0000
2710	0.0000	0	0.0000
2711	0.0000	0	0.0795
2712	0.0000	0	0.6369
2713	0.0000	0	0.2829
2714	0.0000	0	0.0000
2715	0.0000	0	0.0770
2716	0.0000	0	0.1107
2717	0.0000	0	0.0000
2718	0.0000	0	0.0000
2719	0.0000	0	0.0000
2720	0.0530	1	0.2657
2721	0.0000	0	0.0000
2722	0.0000	0	0.0000
2723	0.0000	0	0.0000
2724	0.0000	0	0.0615
2725	0.0000	0	0.1357
2726	0.0000	0	0.0000
2727	0.0000	0	0.0000
2728	0.0000	0	0.0000
2729	0.0000	0	0.1193
2730	0.0000	0	0.3171
2731	0.0000	0	0.0000
2732	0.0000	0	0.0000
2733	0.0000	0	0.0000
2734	0.0000	0	0.0000
2735	0.0000	0	0.0000
2736	0.0511	1	0.0000
2737	0.0000	0	0.0000
2738	0.0000	0	0.0000
2739	0.0000	0	0.0000
2740	0.0000	0	0.0000
2741	0.0000	0	0.0000
2742	0.0000	0	0.0000
2743	0.0000	0	0.0914
2744	0.0000	0	0.0000
2745	0.0000	0	0.0000
2746	0.0000	0	0.0000
2747	0.0000	0	0.0000
2748	0.0000	0	0.0000
2749	0.0000	0	0.0000
2750	0.0000	0	0.0000
2751	0.0000	0	0.0000
2752	0.0000	0	0.0000
2753	0.0000	0	0.0000
2754	0.0000	0	0.0000
2755	0.0000	0	0.0713
2756	0.0000	0	0.0000
2757	0.0000	0	0.0000
2758	0.0000	0	0.0000
2759	0.0000	0	0.0000
2760	0.0000	0	0.0000
2761	0.0000	0	0.0000
2762	0.0000	0	0.0000
2763	0.0000	0	0.0000
2764	0.0000	0	0.0502
2765	0.0000	0	0.0000
2766	0.0000	0	0.0000
2767	0.0000	0	0.1543
2768	0.3208	1	0.4097
2769	0.0000	0	0.0698
2770	0.0000	0	0.0000
2771	0.0000	0	0.0000
2772	0.0875	1	0.3127
2773	0.0000	0	0.0000
2774	0.0000	0	0.2247
2775	0.0000	0	0.0591
2776	0.0000	0	0.0000
2777	0.0000	0	0.0000
2778	0.0000	0	0.3541
2779	0.0000	0	0.0000
2780	0.0000	0	0.0000
2781	0.0000	0	0.0000
2782	0.0000	0	0.0000
2783	0.0000	0	0.3986
2784	0.0000	0	0.2722
2785	0.0000	0	0.0000
2786	0.0000	0	0.0000
2787	0.0000	0	0.2252
2788	0.0000	0	0.0000
2789	0.0000	0	0.0000
2790	0.0000	0	0.0000
2791	0.0000	0	0.0000
2792	0.0000	0	0.0772
2793	0.0000	0	0.0000
2794	0.0000	0	0.0000
2795	0.0000	0	0.0000
2796	0.0000	0	0.1295
2797	0.0000	0	0.0000
2798	0.2538	1	0.5186
2799	0.0000	0	0.0820
2800	0.0000	0	0.0559
2801	0.0000	0	0.0000
2802	0.0000	0	0.2293
2803	0.0000	0	0.1665
2804	0.0000	0	0.0000
2805	0.0000	0	0.0000
2806	0.0000	0	0.0000
2807	0.0000	0	0.0560
2808	0.0000	0	0.0000
2809	0.0000	0	0.1318
2810	0.0000	0	0.0871
2811	0.0000	0	0.0703
2812	0.0000	0	0.2985
2813	0.0000	0	0.0000
2814	0.0000	0	0.0000
2815	0.0000	0	0.0000
2816	0.0000	0	0.0000
2817	0.0000	0	0.1526
2818	0.0000	0	0.0912
2819	0.0000	0	0.5512
2820	0.0000	0	0.0000
2821	0.0000	0	0.0000
2822	0.0000	0	0.0000
2823	0.0000	0	0.0000
2824	0.0000	0	0.0575
2825	0.0000	0	0.0000
2826	0.0000	0	0.0000
2827	0.0000	0	0.0000
2828	0.0000	0	0.0000
2829	0.0000	0	0.0000
2830	0.0000	0	0.0000
2831	0.0000	0	0.0000
2832	0.0000	0	0.0000
2833	0.0000	0	0.0000
2834	0.0000	0	0.2912
2835	0.0000	0	0.0000
2836	0.0833	1	0.1387
2837	0.0000	0	0.0000
2838	0.0000	0	0.0000
2839	0.0000	0	0.0000
2840	0.0000	0	0.0000
2841	0.0000	0	0.0000
2842	0.0000	0	0.0000
2843	0.0000	0	0.0000
2844	0.0000	0	0.0000
2845	0.1714	1	0.0616
2846	0.6481	1	0.6007
2847	0.0000	0	0.0000
2848	0.0000	0	0.0000
2849	0.0000	0	0.0000
2850	0.0000	0	0.0000
2851	0.0000	0	0.1431
2852	0.0000	0	0.1555
2853	0.0000	0	0.0000
2854	0.0000	0	0.0859
2855	0.0000	0	0.0000
2856	0.0000	0	0.0000
2857	0.0000	0	0.0000
2858	0.3915	2	0.1516
2859	0.0000	0	0.0000
2860	0.0000	0	0.0000
2861	0.0000	0	0.0000
2862	0.0000	0	0.0000
2863	0.0000	0	0.0000
2864	0.0000	0	0.0000
2865	0.0000	0	0.1972
2866	0.0000	0	0.0000
2867	0.0835	1	0.1698
2868	0.0000	0	0.0000
2869	0.0000	0	0.0000
2870	0.0000	0	0.0000
2871	0.0000	0	0.0681
2872	0.0000	0	0.0000
2873	0.0000	0	0.0000
2874	0.0000	0	0.0000
2875	0.0000	0	0.0000
2876	0.0000	0	0.0000
2877	0.0000	0	0.0000
2878	0.0000	0	0.0000
2879	0.0000	0	0.0000
2880	0.0000	0	0.0000
2881	0.0000	0	0.0000
2882	0.0000	0	0.0517
2883	0.0000	0	0.0000
2884	0.0000	0	0.0000
2885	0.0000	0	0.0000
2886	0.0000	0	0.0000
2887	0.0000	0	0.0000
2888	0.0000	0	0.0000
2889	0.0000	0	0.0000
2890	0.0000	0	0.0000
2891	0.0000	0	0.0000
2892	0.0836	1	0.0000
2893	0.0000	0	0.0000
2894	0.0000	0	0.0000
2895	0.0000	0	0.0000
2896	0.0000	0	0.0000
2897	0.0000	0	0.0000
2898	0.0000	0	0.0000
2899	0.0000	0	0.0000
2900	0.0000	0	0.0000
2901	0.0000	0	0.0000
2902	0.0000	0	0.0000
2903	0.0000	0	0.0000
2904	0.0000	0	0.0000
2905	0.0000	0	0.0000
2906	0.0000	0	0.0000
2907	0.0000	0	0.0000
2908	0.0000	0	0.0000
2909	0.0000	0	0.0000
2910	0.0000	0	0.0000
2911	0.0000	0	0.0000
2912	0.0000	0	0.0000
2913	0.0000	0	0.0000
2914	0.0000	0	0.1491
2915	0.0000	0	0.0000
2916	0.0000	0	0.4322
2917	0.0000	0	0.0000
2918	0.0000	0	0.2505
2919	0.0000	0	0.2060
2920	0.0000	0	0.0000
2921	0.0000	0	0.2444
2922	0.0000	0	0.0000
2923	0.0000	0	0.0000
2924	0.0000	0	0.0000
2925	0.0000	0	0.4447
2926	0.0000	0	0.0000
2927	0.0000	0	0.0000
2928	0.0000	0	0.1851
2929	0.0000	0	0.0000
2930	0.0000	0	0.0000
2931	0.0000	0	0.0000
2932	0.0000	0	0.0000
2933	0.0000	0	0.3361
2934	0.0000	0	0.0000
2935	0.0000	0	0.0000
2936	0.0000	0	0.0000
2937	0.0000	0	0.1304
2938	0.0000	0	0.0658
2939	0.0000	0	0.1221
2940	0.0000	0	0.0760
2941	0.0000	0	0.1301
2942	0.0000	0	0.0923
2943	0.0000	0	0.1421
2944	0.0000	0	0.0616
2945	0.0000	0	0.0000
2946	0.5716	2	0.6099
2947	0.0566	1	0.4714
2948	0.2389	1	0.2470
2949	0.2826	1	0.2950
2950	0.0000	0	0.1196
2951	0.0000	0	0.0000
2952	0.0000	0	0.0000
2953	0.0000	0	0.0000
2954	0.0000	0	0.0509
2955	0.0000	0	0.0000
2956	0.0000	0	0.0000
2957	0.0000	0	0.0000
2958	0.0000	0	0.0000
2959	0.0000	0	0.0000
2960	0.0000	0	0.0000
2961	0.0000	0	0.5485
2962	0.0000	0	0.0000
2963	0.0000	0	0.1185
2964	0.0000	0	0.1598
2965	0.0000	0	0.0000
2966	0.0000	0	0.0554
2967	0.0000	0	0.1100
2968	0.0000	0	0.0802
2969	0.0000	0	0.0000
2970	0.0000	0	0.2778
2971	0.0000	0	0.1829
2972	0.0000	0	0.0000
2973	0.2047	1	0.3488
2974	0.0000	0	0.0000
2975	0.0000	0	0.0000
2976	0.0000	0	0.0000
2977	0.0000	0	0.0000
2978	0.0000	0	0.0000
2979	0.0000	0	0.0000
2980	0.0000	0	0.0000
2981	0.0000	0	0.0000
2982	0.1337	1	0.5376
2983	0.1482	1	0.6336
2984	0.0000	0	0.4008
2985	0.0000	0	0.0968
2986	0.0000	0	0.0000
2987	0.0000	0	0.0000
2988	0.0000	0	0.0000
2989	0.1646	1	0.2086
2990	0.0000	0	0.3008
2991	0.0000	0	0.0000
2992	0.0000	0	0.0000
2993	0.0000	0	0.0000
2994	0.0000	0	0.0000
2995	0.0000	0	0.1170
2996	0.0000	0	0.0000
2997	0.0000	0	0.0000
2998	0.0000	0	0.0793
2999	0.0000	0	0.0000
3000	0.0000	0	0.0000
3001	0.0000	0	0.0000
3002	0.0000	0	0.0000
3003	0.0000	0	0.0000
3004	0.0000	0	0.0000
3005	0.0000	0	0.0000
3006	0.0000	0	0.2474
3007	0.0000	0	0.2596
3008	0.0000	0	0.0957
3009	0.0000	0	0.0000
3010	0.0000	0	0.0000
3011	0.0000	0	0.0651
3012	0.0000	0	0.0000
3013	0.0000	0	0.0000
3014	0.0000	0	0.0000
3015	0.0000	0	0.0000
3016	0.0000	0	0.0000
3017	0.0000	0	0.0000
3018	0.0000	0	0.0000
3019	0.0000	0	0.0000
3020	0.0000	0	0.0640
3021	0.0000	0	0.0000
3022	0.0000	0	0.0000
3023	0.0000	0	0.0521
3024	0.1250	1	0.0000
3025	0.0000	0	0.0000
3026	0.0000	0	0.0000
3027	0.2486	1	0.2678
3028	0.0000	0	0.0000
3029	0.0000	0	0.0000
3030	0.0000	0	0.0000
3031	0.0000	0	0.0000
3032	0.0000	0	0.0932
3033	0.0000	0	0.0656
3034	0.0000	0	0.1447
3035	0.0000	0	0.0000
3036	0.0000	0	0.0521
3037	0.0000	0	0.0000
3038	0.0000	0	0.0000
3039	0.0000	0	0.0000
3040	0.0000	0	0.0000
3041	0.0000	0	0.0000
3042	0.0000	0	0.0000
3043	0.0000	0	0.0000
3044	0.0000	0	0.0000
3045	0.0000	0	0.0000
3046	0.0000	0	0.0000
3047	0.0000	0	0.0000
3048	0.0000	0	0.0000
3049	0.0000	0	0.0000
3050	0.0000	0	0.0000
3051	0.0000	0	0.0000
3052	0.0000	0	0.0000
3053	0.0000	0	0.0000
3054	0.1473	1	0.1884
3055	0.0000	0	0.0000
3056	0.0000	0	0.0000
3057	0.0000	0	0.0000
3058	0.0000	0	0.0000
3059	0.0000	0	0.0000
3060	0.0000	0	0.0000
3061	0.0000	0	0.0000
3062	0.0000	0	0.0000
3063	0.0000	0	0.0000
3064	0.0000	0	0.0000
3065	0.0000	0	0.0000
3066	0.0000	0	0.0000
3067	0.0000	0	0.0000
3068	0.0000	0	0.0000
3069	0.0000	0	0.0000
3070	0.0000	0	0.0000
3071	0.0000	0	0.0000
3072	0.0000	0	0.0000
3073	0.0000	0	0.0000
3074	0.0000	0	0.0000
3075	0.0000	0	0.0000
3076	0.0000	0	0.0000
3077	0.0000	0	0.0000
3078	0.0000	0	0.0000
3079	0.0000	0	0.0000
3080	0.0000	0	0.0000
3081	0.0000	0	0.0000
3082	0.0000	0	0.0000
3083	0.0000	0	0.0000
3084	0.0000	0	0.0000
3085	0.0000	0	0.0000
3086	0.0620	1	0.3159
3087	0.0000	0	0.0000
3088	0.0000	0	0.0000
3089	0.1009	1	0.4630
3090	0.0000	0	0.0000
3091	0.0000	0	0.0000
3092	0.0000	0	0.2815
3093	0.0000	0	0.0000
3094	0.0000	0	0.0000
3095	0.0000	0	0.0000
3096	0.1387	1	0.1742
3097	0.0000	0	0.0000
3098	0.0000	0	0.0000
3099	0.0000	0	0.0000
3100	0.0000	0	0.0000
3101	0.0000	0	0.0000
3102	0.0000	0	0.0000
3103	0.0000	0	0.0000
3104	0.0000	0	0.0000
3105	0.0000	0	0.0000
3106	0.0000	0	0.0000
3107	0.0000	0	0.0000
3108	0.0000	0	0.0000
3109	0.0000	0	0.0000
3110	0.0884	1	0.1003
3111	0.4560	1	0.4524
3112	0.0000	0	0.0000
3113	0.2306	1	0.0000
3114	0.2978	2	0.6360
3115	0.0000	0	0.0000
3116	0.0000	0	0.0000
3117	0.0000	0	0.0000
3118	0.0000	0	0.0000
3119	0.0000	0	0.0844
3120	0.0000	0	0.0000
3121	0.0933	1	0.3910
3122	0.0000	0	0.0000
3123	0.0000	0	0.0000
3124	0.0000	0	0.0000
3125	0.0000	0	0.0000
3126	0.0000	0	0.0000
3127	0.0000	0	0.0000
3128	0.0000	0	0.0000
3129	0.0000	0	0.0000
3130	0.0000	0	0.0000
3131	0.0000	0	0.0000
3132	0.0000	0	0.0000
3133	0.0000	0	0.0000
3134	0.0000	0	0.0526
3135	0.0000	0	0.0000
3136	0.0000	0	0.0000
3137	0.0000	0	0.0000
3138	0.0000	0	0.0000
3139	0.0755	1	0.2578
3140	0.0000	0	0.0000
3141	0.0000	0	0.1968
3142	0.4437	1	0.3702
3143	0.2982	1	0.2472
3144	0.6538	1	0.7009
3145	0.0000	0	0.0723
3146	0.0699	1	0.4543
3147	0.3168	1	0.6601
3148	0.0000	0	0.0000
3149	0.0000	0	0.0000
3150	0.5936	1	0.5596
3151	0.2655	1	0.3624
3152	0.0000	0	0.0000
3153	0.0000	0	0.0000
3154	0.5137	1	0.4628
3155	0.0000	0	0.0000
3156	0.0000	0	0.0000
3157	0.0000	0	0.0000
3158	0.0000	0	0.0000
3159	0.0000	0	0.0000
3160	0.0000	0	0.0000
3161	0.0000	0	0.0000
3162	0.0000	0	0.0000
3163	0.0000	0	0.0000
3164	0.0000	0	0.0000
3165	0.0000	0	0.0000
3166	0.0000	0	0.0000
3167	0.0597	1	0.3892
3168	0.2177	1	0.5925
3169	0.1641	1	0.4608
3170	0.1846	1	0.2201
3171	0.0000	0	0.1327
3172	0.0000	0	0.0000
3173	0.0000	0	0.0000
3174	0.0000	0	0.0831
3175	0.0000	0	0.0000
3176	0.1103	1	0.3803
3177	0.0000	0	0.0000
3178	0.0000	0	0.0000
3179	0.0000	0	0.0000
3180	0.0000	0	0.1205
3181	0.0000	0	0.0000
3182	0.0000	0	0.1648
3183	0.1672	1	0.1356
3184	0.0000	0	0.0517
3185	0.0000	0	0.0000
3186	0.0000	0	0.0000
3187	0.0000	0	0.0000
3188	0.2436	1	0.2826
3189	0.0000	0	0.0000
3190	0.0000	0	0.0778
3191	0.0000	0	0.0000
3192	0.0000	0	0.0000
3193	0.0940	1	0.0928
3194	0.0000	0	0.1022
3195	0.0000	0	0.1381
3196	0.0000	0	0.0000
3197	0.0000	0	0.0000
3198	0.0000	0	0.0000
3199	0.0000	0	0.0000
3200	0.0598	1	0.2954
3201	0.0000	0	0.0928
3202	0.0000	0	0.0000
3203	0.0000	0	0.0000
3204	0.0000	0	0.0000
3205	0.0000	0	0.1797
3206	0.0000	0	0.3112
3207	0.0000	0	0.0000
3208	0.2784	1	0.7532
3209	0.0870	1	0.4807
3210	0.1953	1	0.5842
3211	0.0000	0	0.0519
3212	0.0718	1	0.2093
3213	0.0783	1	0.2678
3214	0.0000	0	0.0766
3215	0.0000	0	0.2924
3216	0.0000	0	0.1723
3217	0.0000	0	0.1614
3218	0.0000	0	0.0718
3219	0.1390	1	0.1506
3220	0.0000	0	0.0000
3221	0.2105	1	0.4550
3222	0.0000	0	0.0000
3223	0.0000	0	0.3569
3224	0.0000	0	0.0537
3225	0.2878	2	0.2595
3226	0.0867	1	0.0917
3227	0.1287	1	0.2134
3228	0.0000	0	0.1122
3229	0.0763	1	0.0000
3230	0.0000	0	0.0000
3231	0.0000	0	0.0000
3232	0.0000	0	0.0000
3233	0.0961	1	0.0877
3234	0.0000	0	0.0000
3235	0.1158	1	0.0941
3236	0.0000	0	0.0000
3237	0.1903	1	0.0000
3238	0.2086	1	0.1927
3239	0.0000	0	0.0000
3240	0.0000	0	0.0000
3241	0.5253	1	0.3064
3242	0.1864	1	0.1261
3243	0.0000	0	0.0000
3244	0.0000	0	0.0000
3245	0.0000	0	0.0000
3246	0.0000	0	0.0539
3247	0.5134	1	0.3914
3248	0.2919	1	0.2947
3249	0.1760	1	0.1406
3250	0.1720	1	0.2993
3251	0.0000	0	0.0000
3252	0.1670	1	0.1595
3253	0.0000	0	0.0000
3254	0.0000	0	0.1150
3255	0.0000	0	0.0000
3256	0.0000	0	0.0000
3257	0.0000	0	0.0000
3258	0.5421	1	0.4255
3259	0.6060	2	0.2393
3260	0.2711	1	0.1253
3261	0.0000	0	0.3220
3262	0.0000	0	0.0000
3263	0.0000	0	0.1010
3264	0.0000	0	0.1667
3265	0.0000	0	0.0000
3266	0.0000	0	0.1241
3267	0.0000	0	0.0629
3268	0.0000	0	0.0000
3269	0.0000	0	0.0000
3270	0.0000	0	0.0000
3271	0.0585	1	0.0000
3272	0.0000	0	0.0000
3273	0.0000	0	0.0000
3274	0.0000	0	0.0000
3275	0.0000	0	0.0000
3276	0.0000	0	0.0000
3277	0.1458	2	0.7616
3278	0.0000	0	0.2850
3279	0.0000	0	0.3814
3280	0.0000	0	0.0000
3281	0.0000	0	0.0847
3282	0.0000	0	0.0000
3283	0.0000	0	0.0000
3284	0.0000	0	0.0000
3285	0.0000	0	0.0000
3286	0.0000	0	0.0000
3287	0.0000	0	0.0000
3288	0.0000	0	0.0542
3289	0.0000	0	0.0000
3290	0.0000	0	0.0000
3291	0.0000	0	0.0000
3292	0.0000	0	0.0000
3293	0.2565	1	0.3853
3294	0.0000	0	0.0000
3295	0.0000	0	0.0000
3296	0.0000	0	0.0000
3297	0.0000	0	0.0000
3298	0.0000	0	0.0000
3299	0.0000	0	0.0000
3300	0.0000	0	0.0000
3301	0.0000	0	0.0000
3302	0.0000	0	0.0000
3303	0.0000	0	0.0000
3304	0.1226	1	0.4466
3305	0.2007	1	0.5181
3306	0.1575	1	0.6152
3307	0.0000	0	0.0000
3308	0.0000	0	0.0000
3309	0.0000	0	0.0000
3310	0.0000	0	0.0000
3311	0.0000	0	0.0000
3312	0.0000	0	0.0000
3313	0.0000	0	0.5307
3314	0.6097	2	0.6278
3315	0.0000	0	0.0000
3316	0.0000	0	0.0000
3317	0.0000	0	0.0000
3318	0.0000	0	0.0655
3319	0.0000	0	0.0000
3320	0.0000	0	0.0000
3321	0.0000	0	0.1025
3322	0.0905	2	0.3727
3323	0.0000	0	0.0000
3324	0.0000	0	0.2787
3325	0.0000	0	0.0964
3326	0.3723	1	0.2509
3327	0.0670	1	0.2071
3328	0.1595	1	0.2495
3329	0.3334	1	0.5875
3330	0.0000	0	0.0000
3331	0.0594	1	0.2565
3332	0.0000	0	0.2194
3333	0.0000	0	0.0000
3334	0.0000	0	0.0738
3335	0.0000	0	0.0779
3336	0.1301	1	0.2455
3337	0.0973	1	0.0526
3338	0.3445	1	0.2580
3339	0.0000	0	0.0000
3340	0.1637	1	0.2486
3341	0.0000	0	0.0000
3342	0.0000	0	0.0000
3343	0.0000	0	0.0000
3344	0.0000	0	0.2723
3345	0.0000	0	0.0542
3346	0.0000	0	0.0000
3347	0.0000	0	0.2364
3348	0.0000	0	0.0000
3349	0.0000	0	0.0000
3350	0.0000	0	0.0000
3351	0.0000	0	0.0000
3352	0.0000	0	0.0000
3353	0.0000	0	0.0000
3354	0.0000	0	0.0000
3355	0.0000	0	0.0922
3356	0.0000	0	0.0623
3357	0.0000	0	0.0000
3358	0.0000	0	0.4052
3359	0.0000	0	0.2935
3360	0.0000	0	0.3848
3361	0.0000	0	0.3843
3362	0.0000	0	0.0981
3363	0.0000	0	0.1862
3364	0.0000	0	0.1767
3365	0.0861	1	0.5155
3366	0.0000	0	0.0823
3367	0.0000	0	0.1489
3368	0.0000	0	0.0000
3369	0.0000	0	0.1016
3370	0.0000	0	0.1341
3371	0.0000	0	0.1284
3372	0.0000	0	0.0000
3373	0.0000	0	0.0000
3374	0.0000	0	0.0552
3375	0.0000	0	0.0000
3376	0.0000	0	0.0000
3377	0.0000	0	0.0000
3378	0.0000	0	0.1536
3379	0.0000	0	0.1136
3380	0.0000	0	0.0000
3381	0.0000	0	0.0000
3382	0.0000	0	0.0000
3383	0.0000	0	0.0000
3384	0.0000	0	0.0000
3385	0.0000	0	0.0927
3386	0.0000	0	0.0000
3387	0.0000	0	0.0000
3388	0.0000	0	0.2631
3389	0.0757	1	0.2335
3390	0.0000	0	0.0000
3391	0.0000	0	0.0000
3392	0.0000	0	0.0000
3393	0.1204	1	0.0000
3394	0.0000	0	0.0000
3395	0.0000	0	0.0000
3396	0.0744	1	0.2082
3397	0.0000	0	0.0000
3398	0.0000	0	0.0000
3399	0.0000	0	0.0000
3400	0.0000	0	0.0000
3401	0.0000	0	0.0000
3402	0.0000	0	0.1714
3403	0.0000	0	0.5020
3404	0.0000	0	0.3425
3405	0.0000	0	0.2169
3406	0.0000	0	0.3451
3407	0.0000	0	0.1367
3408	0.0000	0	0.0550
3409	0.0000	0	0.1104
3410	0.1852	1	0.1677
3411	0.0000	0	0.0000
3412	0.0000	0	0.0000
3413	0.0000	0	0.0000
3414	0.0000	0	0.0000
3415	0.0979	1	0.0000
3416	0.0000	0	0.0000
3417	0.0000	0	0.0000
3418	0.0000	0	0.0000
3419	0.0000	0	0.2036
3420	0.0000	0	0.1926
3421	0.0000	0	0.0767
3422	0.0000	0	0.2192
3423	0.0000	0	0.0000
3424	0.0000	0	0.0000
3425	0.0000	0	0.0000
3426	0.0000	0	0.0000
3427	0.0000	0	0.0000
3428	0.0000	0	0.1235
3429	0.0000	0	0.0000
3430	0.0000	0	0.0000
3431	0.0000	0	0.3197
3432	0.0000	0	0.0727
3433	0.0000	0	0.0000
3434	0.0000	0	0.0000
3435	0.0000	0	0.0000
3436	0.0000	0	0.0000
3437	0.0000	0	0.0526
3438	0.0000	0	0.0737
3439	0.0000	0	0.1062
3440	0.0000	0	0.0000
3441	0.0000	0	0.2457
3442	0.0000	0	0.0000
3443	0.0000	0	0.0000
3444	0.0000	0	0.0000
3445	0.0000	0	0.0000
3446	0.0000	0	0.0502
3447	0.0000	0	0.0000
3448	0.0000	0	0.0000
3449	0.0000	0	0.1663
3450	0.0000	0	0.0000
3451	0.0000	0	0.0000
3452	0.0000	0	0.0000
3453	0.0000	0	0.0000
3454	0.0000	0	0.0000
3455	0.0000	0	0.0000
3456	0.0000	0	0.0000
3457	0.0000	0	0.0000
3458	0.0000	0	0.0000
3459	0.0000	0	0.0775
3460	0.0000	0	0.1876
3461	0.0000	0	0.0000
3462	0.0000	0	0.0525
3463	0.0000	0	0.0000
3464	0.0000	0	0.0000
3465	0.0000	0	0.0000
3466	0.0000	0	0.1210
3467	0.0610	1	0.0559
3468	0.0000	0	0.0741
3469	0.0000	0	0.1958
3470	0.1683	1	0.0686
3471	0.0000	0	0.0830
3472	0.0000	0	0.0000
3473	0.0000	0	0.0000
3474	0.3883	1	0.1293
3475	0.0000	0	0.0000
3476	0.0000	0	0.0000
3477	0.0000	0	0.0000
3478	0.0000	0	0.0000
3479	0.0858	1	0.0000
3480	0.0000	0	0.0000
3481	0.0000	0	0.0764
3482	0.1140	1	0.3015
3483	0.0000	0	0.0000
3484	0.0000	0	0.0000
3485	0.0631	1	0.0000
3486	0.0000	0	0.0000
3487	0.0000	0	0.0569
3488	0.0000	0	0.0000
3489	0.0000	0	0.0000
3490	0.0000	0	0.0000
3491	0.0000	0	0.0000
3492	0.0000	0	0.0000
3493	0.0762	1	0.0000
3494	0.0000	0	0.1013
3495	0.0000	0	0.0000
3496	0.0000	0	0.0000
3497	0.0000	0	0.0000
3498	0.0000	0	0.0000
3499	0.1645	1	0.4334
3500	0.0000	0	0.1495
3501	0.0000	0	0.2886
3502	0.1863	1	0.6877
3503	0.0000	0	0.1220
3504	0.0000	0	0.0000
3505	0.0000	0	0.0000
3506	0.0000	0	0.0000
3507	0.0000	0	0.0636
3508	0.0000	0	0.2212
3509	0.0000	0	0.0714
3510	0.0000	0	0.0000
3511	0.0000	0	0.1201
3512	0.0000	0	0.1522
3513	0.0000	0	0.1821
3514	0.0000	0	0.0000
3515	0.0000	0	0.0000
3516	0.0000	0	0.0000
3517	0.0000	0	0.1713
3518	0.0000	0	0.0898
3519	0.0000	0	0.0000
3520	0.1129	1	0.4480
3521	0.2458	1	0.2677
3522	0.0000	0	0.0000
3523	0.0000	0	0.0000
3524	0.0000	0	0.0000
3525	0.0000	0	0.0000
3526	0.0000	0	0.1970
3527	0.0000	0	0.0000
3528	0.0000	0	0.0000
3529	0.0000	0	0.0000
3530	0.0000	0	0.0000
3531	0.0000	0	0.0000
3532	0.0000	0	0.0000
3533	0.0000	0	0.2017
3534	0.0000	0	0.2427
3535	0.0000	0	0.0633
3536	0.0000	0	0.0606
3537	0.0000	0	0.0000
3538	0.0000	0	0.0000
3539	0.0000	0	0.0000
3540	0.0000	0	0.0000
3541	0.0000	0	0.0518
3542	0.0000	0	0.1562
3543	0.0706	1	0.4261
3544	0.0000	0	0.0988
3545	0.0803	1	0.2227
3546	0.0000	0	0.2510
3547	0.1355	2	0.5713
3548	0.2518	2	0.3407
3549	0.1476	1	0.6385
3550	0.0000	0	0.2023
3551	0.0000	0	0.1139
3552	0.0000	0	0.0000
3553	0.0000	0	0.0000
3554	0.0000	0	0.0000
3555	0.0000	0	0.2663
3556	0.0000	0	0.1083
3557	0.0000	0	0.1740
3558	0.0000	0	0.0000
3559	0.0000	0	0.0000
3560	0.0000	0	0.0000
3561	0.0000	0	0.0000
3562	0.0000	0	0.0000
3563	0.0000	0	0.0000
3564	0.0000	0	0.0000
3565	0.0000	0	0.0000
3566	0.0000	0	0.0000
3567	0.0000	0	0.1299
3568	0.0000	0	0.0868
3569	0.0000	0	0.0837
3570	0.0586	1	0.4660
3571	0.0000	0	0.1165
3572	0.0000	0	0.1517
3573	0.0000	0	0.1707
3574	0.0000	0	0.0725
3575	0.0000	0	0.0000
3576	0.0579	1	0.2193
3577	0.0000	0	0.0000
3578	0.0000	0	0.4617
3579	0.0000	0	0.0000
3580	0.0000	0	0.6046
3581	0.0000	0	0.0746
3582	0.0000	0	0.0000
3583	0.0000	0	0.0625
3584	0.0000	0	0.0000
3585	0.0000	0	0.0962
3586	0.0000	0	0.0000
3587	0.0000	0	0.0619
3588	0.0000	0	0.0000
3589	0.0000	0	0.0000
3590	0.0000	0	0.0000
3591	0.0000	0	0.0000
3592	0.0000	0	0.0579
3593	0.0000	0	0.1445
3594	0.0000	0	0.1947
3595	0.0000	0	0.0996
3596	0.0000	0	0.0000
3597	0.0675	1	0.1624
3598	0.0000	0	0.0000
3599	0.0000	0	0.0000
3600	0.0000	0	0.0000
3601	0.0840	1	0.0750
3602	0.0000	0	0.0000
3603	0.0000	0	0.0000
3604	0.0000	0	0.0797
3605	0.0000	0	0.0000
3606	0.0000	0	0.0000
3607	0.0000	0	0.0000
3608	0.0000	0	0.1158
3609	0.0000	0	0.0000
3610	0.0000	0	0.0000
3611	0.0000	0	0.1906
3612	0.2477	1	0.6269
3613	0.0000	0	0.0000
3614	0.0000	0	0.2338
3615	0.0000	0	0.0000
3616	0.3987	1	0.4044
3617	0.0000	0	0.0000
3618	0.2389	1	0.2948
3619	0.2127	1	0.6258
3620	0.0912	2	0.4196
3621	0.0000	0	0.1215
3622	0.0000	0	0.0000
3623	0.0000	0	0.5286
3624	0.0000	0	0.0000
3625	0.0000	0	0.0000
3626	0.0000	0	0.0000
3627	0.0000	0	0.1828
3628	0.0000	0	0.0000
3629	0.0000	0	0.0000
3630	0.0000	0	0.0000
3631	0.0000	0	0.0000
3632	0.0000	0	0.0000
3633	0.0000	0	0.0000
3634	0.0000	0	0.0000
3635	0.0000	0	0.0000
3636	0.0000	0	0.0000
3637	0.0000	0	0.0000
3638	0.0000	0	0.0000
3639	0.0000	0	0.0000
3640	0.0000	0	0.0000
3641	0.0000	0	0.0000
3642	0.0000	0	0.0000
3643	0.0000	0	0.0000
3644	0.0653	1	0.3489
3645	0.0000	0	0.0649
3646	0.0000	0	0.0000
3647	0.0000	0	0.0000
3648	0.0000	0	0.0000
3649	0.0000	0	0.0000
3650	0.0000	0	0.0000
3651	0.0000	0	0.0000
3652	0.0000	0	0.0000
3653	0.0000	0	0.0000
3654	0.0000	0	0.0000
3655	0.0000	0	0.0000
3656	0.0000	0	0.0000
3657	0.1140	1	0.3276
3658	0.0000	0	0.0000
3659	0.0000	0	0.0000
3660	0.0000	0	0.0000
3661	0.0000	0	0.1253
3662	0.0000	0	0.0833
3663	0.0000	0	0.0000
3664	0.0000	0	0.0000
3665	0.0000	0	0.0000
3666	0.0000	0	0.0000
3667	0.0000	0	0.0572
3668	0.0936	2	0.2750
3669	0.0000	0	0.0000
3670	0.0824	1	0.2535
3671	0.0000	0	0.0000
3672	0.0000	0	0.0000
3673	0.0000	0	0.0000
3674	0.0000	0	0.0000
3675	0.0000	0	0.0000
3676	0.0000	0	0.0000
3677	0.0000	0	0.2597
3678	0.0000	0	0.5582
3679	0.0000	0	0.0000
3680	0.0000	0	0.0000
3681	0.1293	1	0.3487
3682	0.1862	1	0.3015
3683	0.1498	1	0.1800
3684	0.0000	0	0.0523
3685	0.0000	0	0.0000
3686	0.0000	0	0.0000
3687	0.0000	0	0.1230
3688	0.0000	0	0.1738
3689	0.0000	0	0.0000
3690	0.0000	0	0.0000
3691	0.0000	0	0.0000
3692	0.0000	0	0.1049
3693	0.0000	0	0.0000
3694	0.0000	0	0.0000
3695	0.0000	0	0.0000
3696	0.0000	0	0.0000
3697	0.0000	0	0.0000
3698	0.0000	0	0.0000
3699	0.0000	0	0.0000
3700	0.0000	0	0.0000
3701	0.0000	0	0.2411
3702	0.0000	0	0.0000
3703	0.0000	0	0.0000
3704	0.0000	0	0.0000
3705	0.0000	0	0.0000
3706	0.0000	0	0.5277
3707	0.0000	0	0.1419
3708	0.4140	1	0.2649
3709	0.0000	0	0.0000
3710	0.0000	0	0.0000
3711	0.0000	0	0.0831
3712	0.0000	0	0.0000
3713	0.1212	1	0.5658
3714	0.2718	1	0.4243
3715	0.0000	0	0.0000
3716	0.1967	1	0.1347
3717	0.0000	0	0.0780
3718	0.2377	1	0.1541
3719	0.0000	0	0.0000
3720	0.3647	1	0.5107
3721	0.3128	1	0.6749
3722	0.0966	1	0.1364
3723	0.0000	0	0.0000
3724	0.0000	0	0.1960
3725	0.0000	0	0.0000
3726	0.1764	2	0.4182
3727	0.4168	1	0.6739
3728	0.1678	1	0.2279
3729	0.0000	0	0.0000
3730	0.0000	0	0.0000
3731	0.0000	0	0.0000
3732	0.0000	0	0.0000
3733	0.0000	0	0.0000
3734	0.0000	0	0.0000
3735	0.0000	0	0.0000
3736	0.0000	0	0.0000
3737	0.0000	0	0.0848
3738	0.2791	2	0.3625
3739	0.0000	0	0.0000
3740	0.0000	0	0.2093
3741	0.0000	0	0.2085
3742	0.0000	0	0.0922
3743	0.0699	1	0.1084
3744	0.0807	1	0.1911
3745	0.1763	1	0.3353
3746	0.5125	1	0.4256
3747	0.1967	1	0.0000
3748	0.0000	0	0.0000
3749	0.0000	0	0.0000
3750	0.0000	0	0.0000
3751	0.0673	1	0.0000
3752	0.0000	0	0.0000
3753	0.2132	1	0.2569
3754	0.0000	0	0.0000
3755	0.0000	0	0.0000
3756	0.0000	0	0.0000
3757	0.0000	0	0.0000
3758	0.0000	0	0.1119
3759	0.0000	0	0.3263
3760	0.0000	0	0.2187
3761	0.4011	1	0.6464
3762	0.0000	0	0.0000
3763	0.0000	0	0.0000
3764	0.0000	0	0.2022
3765	0.0000	0	0.0000
3766	0.0000	0	0.0000
3767	0.0000	0	0.0000
3768	0.0000	0	0.0000
3769	0.0000	0	0.0000
3770	0.0000	0	0.4779
3771	0.0000	0	0.0753
3772	0.0000	0	0.0000
3773	0.0000	0	0.0000
3774	0.0000	0	0.0000
3775	0.0000	0	0.0000
3776	0.0000	0	0.0000
3777	0.0000	0	0.0000
3778	0.0000	0	0.0000
3779	0.0000	0	0.0000
3780	0.0000	0	0.0000
3781	0.0000	0	0.0000
3782	0.0000	0	0.0000
3783	0.0000	0	0.0000
3784	0.0000	0	0.0000
3785	0.0000	0	0.0000
3786	0.0000	0	0.0000
3787	0.0000	0	0.0000
3788	0.0000	0	0.0621
3789	0.0000	0	0.0000
3790	0.0000	0	0.0000
3791	0.0000	0	0.2053
3792	0.0000	0	0.0000
3793	0.0000	0	0.0000
3794	0.0000	0	0.0000
3795	0.0000	0	0.0000
3796	0.0000	0	0.0000
3797	0.0000	0	0.0000
3798	0.0000	0	0.0000
3799	0.0000	0	0.0000
3800	0.0000	0	0.0000
3801	0.0000	0	0.0000
3802	0.0000	0	0.0000
3803	0.0000	0	0.0000
3804	0.0000	0	0.0838
3805	0.0000	0	0.0000
3806	0.0000	0	0.1544
3807	0.0000	0	0.1474
3808	0.0000	0	0.0000
3809	0.0000	0	0.0000
3810	0.0000	0	0.1158
